2,1.0,5,21
2,1.0,5,21
2,1.0,5,21
2,1.1,5,21
2,1.1,5,21
2,1.1,5,21
2,1.1,5,21
2,1.1,5,21
2,1.1,5,21
2,1.2,5,21
2,1.3,5,21
2,1.4,5,21
2,1.5,4,10
2,1.5,5,21
2,1.5,5,21
2,1.5,4,10
2,1.6,4,10
2,1.6,5,21
2,1.6,5,21
2,1.7,5,21
2,1.8,5,21
2,1.9,5,21
3,1.0,5,20
3,1.0,5,20
3,1.0,5,21
3,1.0,5,21
3,1.0,5,20
3,1.1,5,20
3,1.1,5,21
3,1.1,5,21
3,1.1,5,21
3,1.1,5,21
3,1.1,5,21
3,1.2,5,20
3,1.2,5,20
3,1.2,5,21
3,1.2,5,21
3,1.2,5,21
3,1.2,5,21
3,1.3,5,21
3,1.3,5,20
3,1.3,5,21
3,1.3,5,21
3,1.3,5,21
3,1.3,5,21
3,1.3,5,7
3,1.3,5,7
3,1.3,4,10
3,1.3,5,21
3,1.3,5,21
3,1.3,5,21
3,1.4,5,21
3,1.4,5,21
3,1.4,5,21
3,1.5,5,21
3,1.5,4,10
3,1.5,5,21
3,1.5,4,10
3,1.5,5,21
3,1.5,5,21
3,1.5,5,21
3,1.6,5,21
3,1.7,5,21
3,1.7,5,21
3,1.7,5,21
3,1.7,5,21
3,1.7,5,21
3,1.8,5,7
3,1.8,5,21
3,1.8,5,21
3,1.9,5,21
3,1.9,5,23
3,1.9,5,21
3,2.0,5,23
3,2.0,5,21
3,2.1,5,21
3,2.2,5,21
3,2.2,5,21
4,1.0,5,21
4,1.0,5,20
4,1.0,5,20
4,1.1,5,20
4,1.1,5,20
4,1.1,5,20
4,1.1,5,20
4,1.1,5,20
4,1.1,5,20
4,1.1,5,21
4,1.1,5,21
4,1.1,5,20
4,1.1,5,20
4,1.2,5,20
4,1.2,5,20
4,1.2,5,20
4,1.2,5,20
4,1.2,5,20
4,1.2,5,20
4,1.2,5,20
4,1.2,5,20
4,1.2,5,20
4,1.2,5,20
4,1.3,5,20
4,1.3,5,21
4,1.3,5,20
4,1.3,5,20
4,1.3,5,20
4,1.3,5,20
4,1.3,5,20
4,1.3,5,20
4,1.3,5,21
4,1.3,5,21
4,1.3,5,21
4,1.3,5,20
4,1.3,5,20
4,1.3,5,20
4,1.3,5,21
4,1.4,5,21
4,1.4,5,20
4,1.4,5,20
4,1.4,5,21
4,1.4,5,20
4,1.4,5,20
4,1.4,5,21
4,1.4,5,20
4,1.4,5,20
4,1.4,5,21
4,1.5,5,21
4,1.5,5,21
4,1.6,5,21
4,1.6,5,21
4,1.6,5,21
4,1.6,5,21
4,1.7,5,21
4,1.7,5,21
4,1.7,5,21
4,1.7,5,21
4,1.7,4,10
4,1.8,5,21
4,1.8,5,21
4,1.8,5,21
4,1.8,5,21
4,1.8,5,21
4,1.9,5,21
4,1.9,5,21
4,1.9,5,21
4,1.9,5,21
4,1.9,5,21
4,2.0,5,21
4,2.0,5,21
4,2.0,5,21
4,2.0,5,21
4,2.1,5,21
4,2.1,5,21
4,2.1,5,21
4,2.1,5,21
4,2.2,5,7
4,2.2,5,21
4,2.2,5,21
4,2.2,5,7
4,2.2,5,21
4,2.2,5,21
4,2.3,5,21
4,2.4,5,21
4,2.4,5,21
4,2.4,5,21
4,2.4,5,7
4,2.6,5,21
4,2.6,5,21
4,2.6,5,7
4,2.6,4,10
4,2.7,5,21
4,2.7,5,21
4,2.7,5,21
4,2.9,5,21
4,2.9,4,10
4,3.2,4,10
4,3.3,5,21
4,3.6,4,10
4,3.6,4,10
5,1.0,5,21
5,1.1,5,7
5,1.2,5,21
5,1.2,5,20
5,1.2,5,20
5,1.3,5,20
5,1.3,5,20
5,1.4,5,20
5,1.4,5,20
5,1.4,5,20
5,1.4,5,20
5,1.4,4,10
5,1.4,5,20
5,1.4,5,20
5,1.4,5,20
5,1.4,5,20
5,1.4,5,20
5,1.5,5,20
5,1.5,5,20
5,1.5,5,20
5,1.5,5,20
5,1.5,5,20
5,1.5,5,20
5,1.6,5,20
5,1.6,5,20
5,1.6,5,20
5,1.6,5,20
5,1.6,5,20
5,1.6,5,20
5,1.6,5,20
5,1.6,5,20
5,1.6,5,20
5,1.6,5,20
5,1.6,5,20
5,1.6,5,20
5,1.6,5,20
5,1.6,5,20
5,1.6,5,21
5,1.6,5,20
5,1.7,5,20
5,1.7,5,21
5,1.7,5,20
5,1.7,5,21
5,1.7,5,20
5,1.7,5,20
5,1.7,5,21
5,1.7,5,20
5,1.7,5,21
5,1.7,5,21
5,1.8,5,20
5,1.8,5,20
5,1.8,5,21
5,1.8,5,21
5,1.8,5,7
5,1.8,5,21
5,1.8,5,21
5,1.8,5,21
5,1.8,5,20
5,1.9,5,20
5,1.9,5,21
5,2.0,5,21
5,2.0,5,21
5,2.0,5,21
5,2.0,5,21
5,2.1,5,21
5,2.1,5,21
5,2.1,5,21
5,2.1,5,21
5,2.2,5,21
5,2.2,5,21
5,2.2,5,21
5,2.2,5,21
5,2.2,5,21
5,2.2,5,21
5,2.2,5,21
5,2.2,5,21
5,2.2,5,21
5,2.3,5,21
5,2.3,5,21
5,2.3,5,21
5,2.3,5,21
5,2.4,5,7
5,2.4,4,10
5,2.4,5,21
5,2.4,5,21
5,2.4,5,21
5,2.4,5,21
5,2.5,5,21
5,2.6,5,21
5,2.6,5,21
5,2.6,5,23
5,2.6,5,21
5,2.6,5,23
5,2.6,5,21
5,2.6,5,21
5,2.7,5,21
5,2.8,5,7
5,2.8,5,21
5,2.8,4,10
5,2.8,5,21
5,2.8,5,23
5,2.9,5,21
5,3.0,5,21
5,3.0,5,7
5,3.0,4,10
5,3.3,5,21
5,3.3,5,7
5,3.4,5,21
5,3.4,4,10
5,3.5,5,7
5,3.5,4,10
5,3.7,5,21
5,3.7,5,7
5,3.8,5,21
5,3.8,5,21
5,3.9,5,21
5,4.0,5,23
6,1.0,5,21
6,1.1,5,7
6,1.1,2,9
6,1.1,5,20
6,1.1,5,7
6,1.1,5,21
6,1.1,5,21
6,1.1,5,20
6,1.2,5,21
6,1.3,5,21
6,1.3,5,21
6,1.3,5,21
6,1.3,5,21
6,1.4,4,10
6,1.4,5,21
6,1.4,5,20
6,1.5,5,20
6,1.5,5,20
6,1.5,5,20
6,1.6,5,21
6,1.6,5,20
6,1.6,5,21
6,1.6,5,20
6,1.7,5,21
6,1.7,5,20
6,1.7,5,20
6,1.7,5,21
6,1.7,5,21
6,1.7,5,20
6,1.7,5,21
6,1.7,5,20
6,1.7,5,20
6,1.7,5,20
6,1.8,5,20
6,1.8,5,20
6,1.8,5,20
6,1.8,5,20
6,1.8,5,20
6,1.8,5,20
6,1.8,5,21
6,1.8,5,20
6,1.8,5,20
6,1.8,5,20
6,1.8,5,20
6,1.8,5,20
6,1.9,5,20
6,1.9,5,20
6,1.9,5,20
6,1.9,5,20
6,1.9,5,20
6,1.9,5,20
6,2.0,5,20
6,2.0,5,20
6,2.0,5,20
6,2.0,5,21
6,2.0,5,20
6,2.0,5,21
6,2.0,5,20
6,2.0,5,20
6,2.0,5,21
6,2.0,5,20
6,2.0,5,20
6,2.0,5,20
6,2.1,5,20
6,2.1,5,20
6,2.1,5,20
6,2.1,5,20
6,2.1,4,10
6,2.1,5,21
6,2.1,5,21
6,2.1,5,7
6,2.2,5,7
6,2.2,5,20
6,2.2,5,20
6,2.2,5,21
6,2.2,5,21
6,2.2,5,20
6,2.3,5,7
6,2.3,5,21
6,2.4,5,21
6,2.5,5,21
6,2.5,5,21
6,2.6,5,21
6,2.6,5,21
6,2.6,5,21
6,2.6,5,21
6,2.6,4,10
6,2.7,5,21
6,2.7,5,21
6,2.7,5,21
6,2.7,5,21
6,2.7,5,21
6,2.8,5,21
6,2.8,5,21
6,2.8,5,21
6,2.8,5,21
6,2.8,5,21
6,2.8,5,21
6,2.9,5,21
6,2.9,5,21
6,2.9,5,21
6,2.9,5,21
6,2.9,5,21
6,3.0,5,21
6,3.0,5,21
6,3.0,5,21
6,3.0,5,21
6,3.0,5,21
6,3.1,5,21
6,3.1,5,21
6,3.1,5,21
6,3.2,5,21
6,3.2,5,21
6,3.2,5,21
6,3.3,5,21
6,3.3,5,21
6,3.3,5,21
6,3.4,5,21
6,3.4,5,7
6,3.4,5,21
6,3.4,5,21
6,3.5,5,7
6,3.5,5,21
6,3.5,5,23
6,3.6,5,21
6,3.7,5,7
6,3.7,5,23
6,3.7,5,7
6,3.8,5,21
6,3.8,5,21
6,3.8,5,7
6,4.0,5,7
6,4.0,5,21
6,4.0,5,21
6,4.1,5,7
6,4.1,5,21
6,4.1,5,7
6,4.1,5,21
6,4.1,4,10
6,4.3,5,21
6,4.5,5,7
6,4.5,5,21
6,4.7,5,21
6,4.8,4,10
6,4.9,4,10
6,5.1,4,10
7,1.0,5,7
7,1.0,5,7
7,1.0,5,21
7,1.5,5,21
7,1.6,4,10
7,1.6,5,7
7,1.6,5,20
7,1.7,5,21
7,1.7,5,20
7,1.7,5,20
7,1.7,5,21
7,1.8,4,10
7,1.8,5,20
7,1.8,5,20
7,1.8,5,20
7,1.9,5,21
7,1.9,5,20
7,1.9,5,21
7,1.9,5,7
7,1.9,5,20
7,1.9,5,20
7,2.0,5,20
7,2.0,5,20
7,2.0,5,20
7,2.0,5,20
7,2.0,5,20
7,2.0,5,20
7,2.0,5,20
7,2.1,5,20
7,2.1,5,20
7,2.1,5,20
7,2.1,5,20
7,2.1,5,20
7,2.1,5,20
7,2.1,5,20
7,2.1,5,20
7,2.1,5,20
7,2.1,5,20
7,2.1,5,20
7,2.2,5,20
7,2.2,5,20
7,2.2,5,21
7,2.2,5,20
7,2.2,5,20
7,2.2,5,20
7,2.2,5,20
7,2.2,5,20
7,2.2,5,20
7,2.2,5,21
7,2.2,5,21
7,2.2,5,21
7,2.2,5,20
7,2.2,5,21
7,2.2,5,21
7,2.2,5,20
7,2.2,5,7
7,2.2,5,20
7,2.3,5,20
7,2.3,5,20
7,2.3,5,20
7,2.3,5,21
7,2.3,5,21
7,2.3,5,20
7,2.3,5,20
7,2.3,5,20
7,2.3,5,20
7,2.3,5,20
7,2.3,5,20
7,2.3,5,21
7,2.3,5,20
7,2.3,5,20
7,2.4,5,20
7,2.4,5,21
7,2.4,5,20
7,2.4,5,20
7,2.4,5,21
7,2.4,5,20
7,2.4,5,21
7,2.4,5,21
7,2.4,5,20
7,2.4,5,20
7,2.5,5,20
7,2.5,5,20
7,2.5,5,21
7,2.6,5,21
7,2.7,5,21
7,2.8,5,21
7,2.8,5,21
7,2.8,5,21
7,2.8,5,21
7,2.8,5,21
7,2.9,5,7
7,2.9,5,21
7,2.9,5,21
7,2.9,5,21
7,3.0,5,21
7,3.0,5,21
7,3.0,5,21
7,3.0,5,23
7,3.0,5,21
7,3.0,5,21
7,3.1,5,21
7,3.2,5,21
7,3.2,5,21
7,3.2,5,21
7,3.2,5,7
7,3.2,4,10
7,3.3,5,21
7,3.3,5,21
7,3.3,5,21
7,3.3,5,21
7,3.3,5,21
7,3.3,5,23
7,3.4,5,21
7,3.4,5,21
7,3.4,4,10
7,3.4,5,21
7,3.4,5,21
7,3.4,5,21
7,3.5,4,10
7,3.5,5,23
7,3.5,5,7
7,3.5,5,21
7,3.6,5,21
7,3.6,5,21
7,3.6,5,21
7,3.6,5,21
7,3.7,5,21
7,3.7,5,21
7,3.8,5,21
7,3.9,5,21
7,3.9,5,21
7,4.0,5,21
7,4.1,5,21
7,4.1,5,21
7,4.3,5,7
7,4.3,5,21
7,4.4,5,21
7,4.4,5,7
7,4.5,5,7
7,4.5,5,21
7,4.5,5,21
7,4.6,5,21
7,4.6,5,21
7,4.7,5,21
7,4.7,5,21
7,4.8,4,10
7,5.0,5,21
7,5.3,4,10
7,5.4,4,10
7,5.4,4,10
7,5.4,4,10
7,5.4,5,21
7,5.6,4,10
7,5.6,4,10
8,1.0,4,10
8,1.3,5,21
8,1.3,2,9
8,1.3,5,20
8,1.4,5,21
8,1.4,5,21
8,1.6,5,20
8,1.6,5,20
8,1.7,5,20
8,1.7,5,20
8,1.8,5,20
8,1.8,5,20
8,1.8,5,21
8,1.8,5,21
8,1.9,5,21
8,1.9,5,20
8,1.9,5,21
8,2.0,5,20
8,2.0,5,7
8,2.0,4,10
8,2.1,5,20
8,2.1,5,20
8,2.1,5,20
8,2.2,5,20
8,2.2,5,20
8,2.2,5,21
8,2.3,5,20
8,2.3,5,20
8,2.3,5,21
8,2.3,5,21
8,2.3,5,21
8,2.3,5,20
8,2.3,5,20
8,2.3,5,23
8,2.3,5,20
8,2.3,5,20
8,2.3,5,20
8,2.3,5,20
8,2.3,5,20
8,2.3,5,20
8,2.3,5,20
8,2.3,5,20
8,2.3,5,20
8,2.3,5,20
8,2.3,5,20
8,2.4,5,20
8,2.4,5,20
8,2.4,5,20
8,2.4,5,20
8,2.4,5,20
8,2.4,5,20
8,2.4,5,21
8,2.4,5,20
8,2.4,5,20
8,2.4,5,20
8,2.5,5,20
8,2.5,5,20
8,2.5,5,20
8,2.5,5,20
8,2.5,5,20
8,2.5,4,10
8,2.5,5,20
8,2.5,5,20
8,2.5,5,20
8,2.5,5,21
8,2.5,5,20
8,2.5,5,20
8,2.5,5,20
8,2.5,5,20
8,2.5,5,21
8,2.6,5,20
8,2.6,5,20
8,2.6,5,20
8,2.6,5,20
8,2.6,5,21
8,2.6,5,21
8,2.6,5,21
8,2.6,5,21
8,2.6,5,20
8,2.6,5,20
8,2.6,5,21
8,2.6,5,20
8,2.6,5,21
8,2.6,5,21
8,2.7,5,20
8,2.7,5,20
8,2.7,5,20
8,2.7,5,20
8,2.7,5,20
8,2.7,5,20
8,2.7,5,20
8,2.7,5,20
8,2.8,5,20
8,2.8,5,21
8,2.8,5,20
8,2.8,5,20
8,2.8,5,21
8,2.8,5,20
8,2.9,5,21
8,2.9,5,21
8,2.9,5,21
8,2.9,5,21
8,3.0,5,21
8,3.0,5,21
8,3.1,5,21
8,3.1,5,21
8,3.1,5,21
8,3.1,5,21
8,3.2,5,21
8,3.2,5,21
8,3.2,5,21
8,3.2,5,21
8,3.4,5,21
8,3.5,5,21
8,3.5,5,23
8,3.5,5,23
8,3.5,5,21
8,3.5,5,21
8,3.6,5,21
8,3.6,5,21
8,3.7,5,21
8,3.7,5,7
8,3.7,5,21
8,3.7,5,21
8,3.8,5,21
8,3.8,5,21
8,3.8,5,21
8,3.8,5,21
8,3.8,5,21
8,3.8,5,21
8,3.8,5,21
8,3.9,5,21
8,3.9,5,21
8,4.0,5,21
8,4.0,5,21
8,4.1,5,23
8,4.1,5,21
8,4.1,5,21
8,4.1,5,21
8,4.1,5,7
8,4.1,5,21
8,4.2,5,7
8,4.2,5,21
8,4.2,5,21
8,4.2,5,7
8,4.3,4,10
8,4.3,5,21
8,4.3,5,7
8,4.3,5,21
8,4.3,5,21
8,4.5,5,21
8,4.7,5,7
8,4.7,5,21
8,4.7,5,21
8,4.9,5,21
8,4.9,5,21
8,5.0,4,10
8,5.1,5,21
8,5.2,5,21
8,5.5,5,21
8,5.6,4,10
8,5.6,4,10
8,5.7,5,21
8,5.7,4,10
8,5.8,4,10
8,5.8,5,21
8,5.8,4,10
8,5.9,4,10
8,5.9,5,7
8,6.0,4,10
8,6.1,4,10
8,6.1,4,10
8,6.1,5,7
8,6.2,5,7
8,6.4,5,7
9,1.1,5,7
9,1.6,5,7
9,1.7,5,7
9,1.7,5,21
9,1.8,5,7
9,1.9,5,21
9,1.9,5,20
9,1.9,5,21
9,1.9,1,24
9,2.0,5,21
9,2.0,5,20
9,2.0,5,21
9,2.0,5,21
9,2.0,4,10
9,2.1,5,20
9,2.1,5,20
9,2.1,5,7
9,2.1,4,10
9,2.1,5,20
9,2.2,5,21
9,2.2,5,21
9,2.2,5,21
9,2.2,5,7
9,2.2,5,21
9,2.3,5,21
9,2.4,5,20
9,2.4,5,20
9,2.4,4,10
9,2.4,5,20
9,2.4,5,20
9,2.5,5,20
9,2.5,5,20
9,2.6,5,20
9,2.6,5,20
9,2.6,5,20
9,2.6,4,10
9,2.6,5,21
9,2.6,5,20
9,2.6,5,20
9,2.6,5,20
9,2.6,5,20
9,2.7,5,7
9,2.7,5,20
9,2.7,5,20
9,2.7,5,20
9,2.7,5,20
9,2.7,5,20
9,2.7,5,23
9,2.7,5,20
9,2.7,5,20
9,2.7,5,20
9,2.7,5,20
9,2.8,5,20
9,2.8,5,20
9,2.8,5,20
9,2.8,5,20
9,2.8,5,20
9,2.8,5,20
9,2.8,5,21
9,2.8,5,20
9,2.8,5,21
9,2.8,5,21
9,2.8,5,20
9,2.8,5,20
9,2.8,5,20
9,2.8,5,21
9,2.8,5,20
9,2.8,5,20
9,2.9,5,20
9,2.9,5,20
9,2.9,5,20
9,2.9,5,21
9,2.9,5,20
9,2.9,5,20
9,2.9,5,20
9,2.9,5,20
9,2.9,5,20
9,2.9,5,20
9,2.9,5,20
9,2.9,5,20
9,2.9,5,20
9,3.0,5,20
9,3.0,5,21
9,3.0,5,21
9,3.0,5,20
9,3.0,5,20
9,3.0,5,21
9,3.0,5,20
9,3.0,5,20
9,3.0,5,21
9,3.1,5,20
9,3.1,5,20
9,3.1,5,20
9,3.1,5,20
9,3.1,5,7
9,3.2,5,21
9,3.2,5,21
9,3.2,5,20
9,3.2,2,21
9,3.3,5,21
9,3.3,5,21
9,3.4,5,7
9,3.4,5,7
9,3.4,5,21
9,3.4,5,21
9,3.4,5,21
9,3.4,5,21
9,3.5,5,21
9,3.5,5,21
9,3.6,5,21
9,3.6,5,21
9,3.6,5,21
9,3.6,5,21
9,3.6,5,21
9,3.7,5,21
9,3.7,5,21
9,3.7,5,23
9,3.8,5,7
9,3.9,5,21
9,3.9,5,21
9,3.9,5,21
9,3.9,5,23
9,3.9,5,21
9,3.9,5,21
9,3.9,5,21
9,4.0,5,21
9,4.0,5,21
9,4.0,5,7
9,4.0,5,21
9,4.0,5,21
9,4.1,5,21
9,4.1,5,7
9,4.1,5,21
9,4.1,5,21
9,4.2,5,21
9,4.3,5,21
9,4.3,5,21
9,4.3,5,21
9,4.4,5,7
9,4.4,4,10
9,4.4,5,21
9,4.4,5,21
9,4.4,5,21
9,4.4,5,21
9,4.5,5,21
9,4.5,5,21
9,4.6,5,23
9,4.7,5,21
9,4.8,5,7
9,4.8,5,21
9,4.8,5,23
9,4.8,5,23
9,4.9,5,21
9,5.0,5,21
9,5.1,5,7
9,5.1,4,10
9,5.2,5,23
9,5.3,5,21
9,5.4,5,23
9,5.5,5,21
9,5.5,5,21
9,5.5,5,21
9,5.6,4,10
9,5.6,5,21
9,5.6,4,10
9,5.9,5,21
9,6.1,5,23
9,6.2,4,10
9,6.2,5,21
9,6.2,5,21
9,6.3,5,21
9,6.3,5,7
9,6.3,5,7
9,6.4,4,10
9,6.4,5,21
9,6.4,5,7
9,6.4,5,7
9,6.4,5,21
9,6.5,5,7
9,6.5,4,10
9,6.5,5,21
9,6.7,5,21
9,6.7,4,10
9,6.7,5,7
9,6.9,4,10
9,6.9,5,21
9,6.9,4,10
9,7.1,4,10
9,7.7,4,10
10,1.0,1,27
10,1.0,1,26
10,1.0,2,21
10,1.1,2,22
10,1.1,5,20
10,1.2,4,10
10,1.2,5,21
10,1.2,5,20
10,1.6,5,20
10,1.7,5,20
10,1.9,5,20
10,1.9,5,20
10,1.9,5,7
10,2.0,5,21
10,2.1,5,21
10,2.1,5,21
10,2.2,5,20
10,2.2,5,20
10,2.2,5,21
10,2.3,5,7
10,2.3,5,20
10,2.3,4,10
10,2.3,5,20
10,2.4,5,21
10,2.4,5,21
10,2.5,5,20
10,2.5,5,20
10,2.5,5,21
10,2.5,5,20
10,2.5,5,20
10,2.5,5,20
10,2.6,2,22
10,2.6,5,21
10,2.6,5,21
10,2.6,5,21
10,2.7,5,21
10,2.7,5,21
10,2.7,5,21
10,2.7,5,20
10,2.7,5,21
10,2.8,5,20
10,2.8,5,21
10,2.8,5,7
10,2.8,5,20
10,2.8,5,21
10,2.8,5,20
10,2.9,5,20
10,2.9,5,20
10,2.9,5,20
10,2.9,5,20
10,2.9,5,20
10,2.9,5,20
10,2.9,5,20
10,2.9,5,21
10,2.9,1,24
10,2.9,5,20
10,2.9,5,20
10,2.9,5,20
10,3.0,5,7
10,3.0,5,20
10,3.0,5,7
10,3.0,5,20
10,3.0,5,20
10,3.0,5,20
10,3.1,5,20
10,3.1,5,20
10,3.1,5,20
10,3.1,5,21
10,3.1,5,20
10,3.1,5,20
10,3.1,5,20
10,3.1,5,20
10,3.1,5,20
10,3.1,5,20
10,3.1,5,20
10,3.1,5,20
10,3.2,5,20
10,3.2,5,20
10,3.2,5,20
10,3.2,5,20
10,3.2,5,20
10,3.2,5,20
10,3.2,5,20
10,3.2,5,20
10,3.2,5,20
10,3.2,5,20
10,3.3,5,20
10,3.3,5,20
10,3.3,5,20
10,3.3,5,20
10,3.3,5,20
10,3.3,5,20
10,3.3,5,20
10,3.4,5,20
10,3.4,5,20
10,3.4,5,20
10,3.4,4,10
10,3.4,5,20
10,3.5,5,21
10,3.5,5,20
10,3.5,5,20
10,3.6,5,21
10,3.7,5,21
10,3.7,5,21
10,3.7,5,7
10,3.8,5,21
10,3.8,5,21
10,3.8,5,21
10,3.8,5,23
10,3.9,5,21
10,3.9,5,21
10,3.9,5,23
10,3.9,5,21
10,3.9,5,21
10,3.9,5,21
10,4.1,5,7
10,4.1,5,7
10,4.2,5,21
10,4.2,5,7
10,4.3,5,21
10,4.3,5,7
10,4.4,5,21
10,4.4,5,23
10,4.5,5,21
10,4.5,5,21
10,4.6,5,21
10,4.6,5,21
10,4.6,5,21
10,4.6,5,21
10,4.7,5,23
10,4.7,5,21
10,4.8,5,7
10,4.8,5,7
10,4.9,5,21
10,4.9,5,21
10,4.9,5,23
10,4.9,5,21
10,4.9,4,10
10,5.0,5,21
10,5.0,4,10
10,5.0,5,23
10,5.1,5,21
10,5.1,5,21
10,5.1,5,21
10,5.2,5,21
10,5.2,5,21
10,5.2,5,7
10,5.2,5,21
10,5.3,5,21
10,5.3,5,21
10,5.5,5,21
10,5.5,4,10
10,5.6,5,23
10,5.6,5,21
10,5.7,4,10
10,5.7,5,21
10,5.7,5,7
10,5.8,5,21
10,5.8,4,10
10,5.9,4,10
10,5.9,5,7
10,6.0,5,21
10,6.0,5,7
10,6.1,5,21
10,6.1,5,21
10,6.3,5,21
10,6.3,5,21
10,6.4,5,21
10,6.4,5,21
10,6.6,4,10
10,6.7,5,21
10,6.7,5,7
10,6.8,4,10
10,6.8,5,7
10,6.9,5,21
10,7.0,5,21
10,7.0,5,21
10,7.0,4,10
10,7.1,5,21
10,7.1,5,7
10,7.1,5,21
10,7.2,5,7
10,7.2,5,21
10,7.2,5,7
10,7.2,5,7
10,7.2,5,23
10,7.3,5,23
10,7.3,5,7
10,7.4,5,7
10,7.4,5,21
10,7.4,5,7
10,7.7,5,7
10,7.8,4,10
10,8.1,4,10
10,8.1,4,10
11,1.1,5,20
11,1.1,2,11
11,1.1,2,21
11,1.2,2,21
11,1.3,2,21
11,1.3,5,21
11,1.3,1,17
11,1.5,1,24
11,1.9,5,7
11,2.0,5,20
11,2.1,5,21
11,2.2,5,20
11,2.3,5,20
11,2.3,5,20
11,2.4,5,7
11,2.4,5,20
11,2.5,5,21
11,2.5,4,10
11,2.6,5,20
11,2.7,5,20
11,2.7,5,20
11,2.8,5,20
11,2.9,5,20
11,2.9,5,20
11,2.9,5,7
11,2.9,5,7
11,3.0,5,20
11,3.0,5,20
11,3.0,5,20
11,3.1,5,20
11,3.1,5,20
11,3.1,5,21
11,3.1,5,21
11,3.1,5,20
11,3.2,5,20
11,3.2,5,20
11,3.2,5,21
11,3.2,4,10
11,3.3,5,20
11,3.3,5,20
11,3.3,5,21
11,3.3,1,26
11,3.3,5,20
11,3.3,5,20
11,3.3,5,20
11,3.3,5,21
11,3.3,5,21
11,3.3,5,20
11,3.3,5,20
11,3.3,5,20
11,3.3,5,20
11,3.4,5,21
11,3.4,5,20
11,3.4,5,20
11,3.4,4,10
11,3.4,5,20
11,3.4,5,20
11,3.4,5,21
11,3.4,5,23
11,3.4,5,20
11,3.5,5,20
11,3.5,5,20
11,3.5,5,20
11,3.5,5,20
11,3.5,5,20
11,3.5,5,20
11,3.5,5,21
11,3.5,5,20
11,3.5,5,21
11,3.5,5,21
11,3.6,5,20
11,3.6,5,20
11,3.6,5,20
11,3.6,5,20
11,3.6,5,20
11,3.6,5,20
11,3.6,5,20
11,3.6,5,21
11,3.6,5,20
11,3.6,5,20
11,3.6,5,23
11,3.7,5,20
11,3.7,5,20
11,3.7,5,20
11,3.7,5,20
11,3.7,5,20
11,3.7,5,21
11,3.7,5,20
11,3.8,5,21
11,3.8,5,21
11,3.8,5,20
11,3.9,5,23
11,3.9,5,21
11,4.0,5,7
11,4.0,4,10
11,4.1,5,21
11,4.2,5,7
11,4.2,5,21
11,4.2,4,10
11,4.2,4,10
11,4.2,5,21
11,4.2,5,21
11,4.2,5,21
11,4.3,5,21
11,4.3,5,7
11,4.3,5,21
11,4.4,5,21
11,4.5,5,21
11,4.5,5,21
11,4.5,5,21
11,4.5,5,21
11,4.5,5,21
11,4.6,5,23
11,4.7,5,21
11,4.7,5,7
11,4.7,4,10
11,4.8,5,21
11,4.8,5,21
11,4.9,5,21
11,4.9,5,21
11,5.0,5,21
11,5.0,5,21
11,5.0,5,21
11,5.2,5,21
11,5.3,5,21
11,5.3,5,21
11,5.3,5,21
11,5.4,5,7
11,5.4,5,7
11,5.4,5,21
11,5.5,5,21
11,5.5,5,7
11,5.6,5,21
11,5.6,5,21
11,5.7,5,21
11,5.7,5,21
11,5.7,5,21
11,5.8,5,23
11,5.8,5,21
11,5.8,5,21
11,6.0,4,10
11,6.1,5,21
11,6.2,5,21
11,6.2,5,21
11,6.3,5,7
11,6.3,5,21
11,6.4,5,21
11,6.5,5,21
11,6.6,5,21
11,6.6,5,21
11,6.6,5,21
11,6.7,5,21
11,6.7,5,21
11,6.8,4,10
11,6.8,5,21
11,6.9,4,10
11,7.2,5,21
11,7.2,5,21
11,7.4,5,21
11,7.5,5,21
11,7.5,5,21
11,7.6,5,7
11,7.7,5,21
11,7.7,5,7
11,7.7,5,21
11,7.7,5,7
11,7.8,5,21
11,7.8,4,10
11,7.8,5,21
11,7.8,5,21
11,7.9,5,7
11,7.9,5,21
11,8.1,4,10
11,8.2,5,21
11,8.2,5,23
11,8.4,5,21
12,1.1,1,5
12,1.3,2,21
12,1.3,5,21
12,1.3,2,9
12,1.6,5,23
12,1.6,5,20
12,1.7,4,10
12,1.8,5,20
12,1.9,5,23
12,1.9,5,21
12,2.0,5,21
12,2.2,5,21
12,2.3,5,20
12,2.3,5,7
12,2.3,5,20
12,2.3,5,20
12,2.3,5,21
12,2.4,5,20
12,2.4,4,10
12,2.4,5,7
12,2.5,5,21
12,2.5,5,20
12,2.5,5,21
12,2.6,5,21
12,2.6,5,20
12,2.6,5,21
12,2.6,5,20
12,2.7,5,21
12,2.7,5,21
12,2.7,5,7
12,2.7,5,21
12,2.7,5,7
12,2.7,4,10
12,2.8,5,21
12,2.9,5,20
12,2.9,5,20
12,3.0,5,21
12,3.0,5,21
12,3.0,5,20
12,3.0,5,20
12,3.1,5,21
12,3.1,5,20
12,3.1,5,20
12,3.3,5,20
12,3.3,5,21
12,3.3,5,20
12,3.4,5,20
12,3.4,5,21
12,3.4,5,20
12,3.4,5,21
12,3.4,5,21
12,3.4,5,23
12,3.5,5,20
12,3.5,5,21
12,3.5,5,21
12,3.5,5,21
12,3.5,5,21
12,3.6,5,20
12,3.6,4,10
12,3.6,5,20
12,3.6,5,20
12,3.6,5,20
12,3.6,5,20
12,3.6,5,20
12,3.6,5,21
12,3.6,5,20
12,3.6,5,21
12,3.6,5,21
12,3.7,5,21
12,3.7,5,20
12,3.7,5,7
12,3.7,5,20
12,3.7,5,20
12,3.7,5,20
12,3.7,5,20
12,3.7,5,20
12,3.7,5,20
12,3.7,5,20
12,3.7,5,20
12,3.7,5,20
12,3.7,5,20
12,3.8,5,20
12,3.8,5,20
12,3.8,5,20
12,3.8,5,20
12,3.8,5,21
12,3.8,5,20
12,3.8,5,20
12,3.8,5,20
12,3.8,5,20
12,3.8,5,20
12,3.8,5,20
12,3.8,5,7
12,3.8,5,21
12,3.9,5,20
12,3.9,5,20
12,3.9,5,20
12,3.9,5,20
12,3.9,5,7
12,3.9,5,20
12,3.9,5,7
12,3.9,5,20
12,3.9,5,20
12,3.9,5,20
12,3.9,5,20
12,3.9,5,20
12,3.9,5,20
12,3.9,5,20
12,3.9,5,21
12,4.0,5,20
12,4.0,5,20
12,4.0,5,20
12,4.0,5,20
12,4.0,5,20
12,4.0,5,20
12,4.0,5,20
12,4.0,5,20
12,4.0,5,20
12,4.0,5,20
12,4.2,5,23
12,4.2,5,21
12,4.2,5,21
12,4.2,5,20
12,4.3,5,7
12,4.4,5,21
12,4.4,4,10
12,4.4,5,21
12,4.5,5,7
12,4.5,5,7
12,4.6,5,21
12,4.6,5,21
12,4.7,5,21
12,4.7,5,21
12,4.8,5,21
12,4.8,5,21
12,4.8,5,21
12,4.9,5,21
12,5.0,5,7
12,5.0,5,21
12,5.0,5,21
12,5.0,5,21
12,5.1,5,23
12,5.2,5,7
12,5.2,5,21
12,5.3,5,21
12,5.3,5,21
12,5.3,5,7
12,5.3,5,7
12,5.5,5,21
12,5.6,5,7
12,5.7,5,21
12,5.7,5,7
12,5.8,5,21
12,5.8,4,10
12,6.0,5,21
12,6.0,5,21
12,6.0,4,10
12,6.0,5,21
12,6.1,5,23
12,6.3,5,21
12,6.4,5,21
12,6.4,5,21
12,6.4,5,21
12,6.4,4,10
12,6.5,5,23
12,6.5,4,10
12,6.7,5,7
12,6.7,5,21
12,6.7,5,21
12,6.8,5,7
12,7.0,5,21
12,7.1,5,21
12,7.1,4,10
12,7.1,5,21
12,7.1,5,21
12,7.2,4,10
12,7.2,5,21
12,7.2,5,23
12,7.3,5,21
12,7.3,5,21
12,7.4,5,7
12,7.5,4,10
12,7.5,5,21
12,7.5,5,21
12,7.7,5,21
12,7.7,5,21
12,7.7,5,21
12,7.8,5,7
12,7.8,5,21
12,7.8,5,21
12,7.9,5,21
12,8.0,5,7
12,8.0,5,21
12,8.1,5,7
12,8.2,5,21
12,8.3,5,21
12,8.3,5,7
12,8.3,5,21
12,8.5,5,7
12,8.5,5,7
12,8.5,5,7
12,8.5,5,7
12,8.6,5,7
12,8.6,5,21
12,8.6,4,10
12,8.7,4,10
12,8.7,5,7
12,8.7,5,23
12,8.8,5,21
12,8.9,5,7
12,8.9,5,21
12,8.9,5,7
12,9.0,4,10
12,9.2,4,10
12,9.3,4,10
12,9.3,5,23
12,9.4,5,23
12,9.5,4,10
12,9.5,4,10
12,9.7,4,10
12,9.8,4,10
13,1.0,5,21
13,1.2,2,20
13,1.2,2,9
13,1.4,1,5
13,1.4,1,26
13,1.4,2,22
13,1.4,5,20
13,1.4,1,24
13,1.5,5,21
13,1.6,5,20
13,1.7,5,7
13,1.9,5,7
13,2.2,5,23
13,2.3,5,20
13,2.3,5,21
13,2.4,5,21
13,2.4,4,10
13,2.7,5,20
13,2.8,5,20
13,2.8,4,10
13,2.8,5,21
13,3.0,5,21
13,3.0,5,7
13,3.0,5,21
13,3.0,5,21
13,3.2,5,21
13,3.3,5,20
13,3.3,5,20
13,3.3,5,20
13,3.4,5,21
13,3.4,5,20
13,3.4,5,20
13,3.5,4,10
13,3.5,5,20
13,3.5,5,21
13,3.5,5,20
13,3.5,5,20
13,3.6,5,20
13,3.6,5,20
13,3.6,5,20
13,3.7,5,21
13,3.7,5,21
13,3.7,5,20
13,3.7,5,21
13,3.8,5,7
13,3.8,5,21
13,3.8,5,20
13,3.8,5,21
13,3.8,5,7
13,3.9,5,21
13,3.9,5,7
13,3.9,5,20
13,4.0,5,20
13,4.0,5,20
13,4.0,5,20
13,4.0,5,20
13,4.0,5,20
13,4.1,5,20
13,4.1,5,20
13,4.1,5,20
13,4.1,5,20
13,4.1,5,20
13,4.1,5,20
13,4.1,5,20
13,4.1,5,20
13,4.1,5,21
13,4.1,5,21
13,4.1,5,20
13,4.1,5,20
13,4.1,5,21
13,4.2,5,7
13,4.2,5,20
13,4.2,5,20
13,4.2,5,20
13,4.2,5,20
13,4.2,5,20
13,4.2,5,20
13,4.2,5,20
13,4.2,5,20
13,4.2,5,20
13,4.2,5,23
13,4.2,5,20
13,4.2,5,20
13,4.3,5,20
13,4.3,5,20
13,4.3,5,20
13,4.3,5,20
13,4.3,5,20
13,4.3,5,7
13,4.3,5,20
13,4.3,5,20
13,4.3,5,20
13,4.3,5,20
13,4.3,5,20
13,4.4,5,20
13,4.4,5,20
13,4.4,5,20
13,4.4,5,20
13,4.5,5,21
13,4.5,5,21
13,4.5,5,20
13,4.5,5,21
13,4.6,5,7
13,4.6,5,21
13,4.6,5,23
13,4.6,5,7
13,4.8,5,7
13,4.8,5,21
13,4.8,5,21
13,4.8,5,23
13,4.8,5,7
13,4.8,5,21
13,4.9,5,23
13,5.0,5,21
13,5.0,5,21
13,5.0,5,21
13,5.0,5,21
13,5.1,5,21
13,5.2,5,21
13,5.2,5,21
13,5.3,5,21
13,5.4,5,21
13,5.4,5,21
13,5.5,5,21
13,5.6,5,21
13,5.6,5,21
13,5.6,5,21
13,5.8,5,21
13,5.8,5,7
13,5.8,5,23
13,5.8,5,21
13,5.9,5,21
13,5.9,5,7
13,6.2,5,23
13,6.2,5,23
13,6.3,5,21
13,6.4,5,21
13,6.5,5,21
13,6.7,5,21
13,6.7,5,21
13,6.7,5,7
13,6.7,5,7
13,6.7,5,21
13,6.9,5,7
13,7.0,5,21
13,7.0,5,21
13,7.1,5,7
13,7.1,5,23
13,7.1,5,7
13,7.2,4,10
13,7.2,5,21
13,7.3,5,21
13,7.3,5,21
13,7.4,5,21
13,7.6,5,7
13,7.8,5,21
13,8.0,5,21
13,8.1,5,7
13,8.2,5,7
13,8.3,4,10
13,8.3,5,21
13,8.4,5,21
13,8.4,5,7
13,8.4,5,7
13,8.5,5,21
13,8.5,5,23
13,8.5,4,10
13,8.6,5,21
13,8.6,5,23
13,8.6,5,7
13,8.6,4,10
13,8.7,5,21
13,8.9,4,10
13,9.2,5,21
13,9.2,5,21
13,9.3,5,21
13,9.3,5,21
13,9.3,4,10
13,9.4,5,7
13,9.4,5,7
13,9.4,5,21
13,9.4,5,7
13,9.4,5,7
13,9.5,4,10
13,9.6,5,7
13,9.6,4,10
13,9.6,5,21
13,9.7,5,21
13,9.8,5,7
13,9.9,4,10
13,9.9,4,10
13,9.9,4,10
13,10.0,5,23
13,10.0,4,10
13,10.1,4,10
13,10.2,4,10
13,10.3,4,10
13,10.4,4,10
13,10.5,4,10
13,10.6,4,10
14,1.4,2,28
14,1.4,2,11
14,1.5,5,20
14,1.6,5,20
14,1.7,5,20
14,2.1,5,20
14,2.2,5,21
14,2.2,5,20
14,2.2,5,21
14,2.3,4,10
14,2.4,5,20
14,2.4,2,9
14,2.6,5,20
14,2.6,5,23
14,2.8,5,7
14,2.9,5,21
14,3.0,5,20
14,3.0,5,7
14,3.0,5,21
14,3.1,5,7
14,3.1,5,21
14,3.1,5,21
14,3.1,5,21
14,3.1,5,21
14,3.2,5,20
14,3.2,5,21
14,3.2,5,7
14,3.2,5,20
14,3.3,5,20
14,3.3,5,20
14,3.3,5,20
14,3.4,5,20
14,3.4,5,20
14,3.4,5,20
14,3.5,5,20
14,3.5,5,20
14,3.5,5,21
14,3.6,5,7
14,3.6,5,23
14,3.6,5,21
14,3.7,5,20
14,3.7,5,21
14,3.7,5,21
14,3.7,4,10
14,3.8,4,10
14,3.8,5,21
14,3.9,5,21
14,3.9,5,20
14,3.9,5,21
14,4.0,5,7
14,4.1,5,21
14,4.2,5,20
14,4.2,1,26
14,4.2,5,20
14,4.2,5,7
14,4.3,5,20
14,4.3,5,20
14,4.3,5,21
14,4.3,5,20
14,4.3,5,20
14,4.3,5,20
14,4.3,5,20
14,4.3,5,20
14,4.3,5,21
14,4.4,5,20
14,4.4,5,20
14,4.4,5,20
14,4.4,5,21
14,4.4,5,20
14,4.4,5,20
14,4.4,5,20
14,4.4,5,20
14,4.4,5,20
14,4.4,5,21
14,4.4,5,20
14,4.4,5,20
14,4.4,5,20
14,4.5,5,20
14,4.5,5,20
14,4.5,5,20
14,4.5,5,20
14,4.5,5,20
14,4.5,5,20
14,4.5,5,20
14,4.5,5,20
14,4.6,5,20
14,4.6,5,20
14,4.6,4,10
14,4.6,5,20
14,4.6,5,20
14,4.6,5,20
14,4.6,5,21
14,4.6,5,20
14,4.6,5,20
14,4.6,5,20
14,4.6,5,20
14,4.7,5,20
14,4.7,5,20
14,4.7,5,20
14,4.7,5,20
14,4.7,5,23
14,4.8,5,21
14,4.8,5,20
14,4.9,5,21
14,4.9,5,7
14,5.0,5,21
14,5.0,5,21
14,5.0,5,23
14,5.1,5,7
14,5.2,5,7
14,5.2,5,21
14,5.3,4,10
14,5.3,5,21
14,5.3,5,21
14,5.4,5,21
14,5.4,5,7
14,5.4,5,21
14,5.5,5,7
14,5.6,5,21
14,5.6,5,21
14,5.7,5,21
14,5.7,5,7
14,5.8,5,7
14,5.8,5,21
14,6.1,5,21
14,6.1,5,21
14,6.2,4,10
14,6.2,5,7
14,6.3,5,21
14,6.3,5,7
14,6.3,5,21
14,6.3,5,23
14,6.5,5,7
14,6.5,4,10
14,6.5,5,21
14,6.6,5,21
14,6.6,5,21
14,6.6,4,10
14,6.7,5,21
14,6.7,5,7
14,6.7,5,21
14,6.8,5,21
14,6.8,4,10
14,6.8,5,21
14,6.8,5,21
14,6.9,5,23
14,7.0,4,10
14,7.0,5,21
14,7.0,5,21
14,7.0,5,23
14,7.0,4,10
14,7.1,5,21
14,7.1,5,7
14,7.3,5,21
14,7.4,5,7
14,7.6,5,21
14,7.7,5,7
14,7.8,5,7
14,7.8,5,21
14,7.8,5,7
14,7.8,5,21
14,8.1,5,21
14,8.1,5,7
14,8.2,5,21
14,8.3,4,10
14,8.7,5,7
14,8.8,5,21
14,8.8,4,10
14,8.8,5,7
14,9.0,5,7
14,9.0,4,10
14,9.0,5,21
14,9.0,5,7
14,9.0,5,21
14,9.1,4,10
14,9.1,4,10
14,9.2,5,23
14,9.2,5,21
14,9.3,4,10
14,9.4,5,21
14,9.4,5,7
14,9.5,5,7
14,9.7,5,7
14,9.8,5,23
14,9.9,5,7
14,9.9,5,7
14,10.0,5,7
14,10.0,5,7
14,10.1,5,7
14,10.1,5,21
14,10.2,5,7
14,10.2,5,23
14,10.2,5,21
14,10.3,5,7
14,10.3,5,7
14,10.4,4,10
14,10.4,5,21
14,10.5,4,10
14,10.7,4,10
14,10.8,4,10
14,10.9,4,10
14,11.3,4,10
14,11.3,4,10
15,1.2,5,20
15,1.4,5,21
15,1.4,5,21
15,1.5,1,17
15,1.6,2,11
15,1.6,2,4
15,1.7,1,5
15,1.9,5,20
15,1.9,5,20
15,2.0,5,21
15,2.5,2,9
15,2.6,5,20
15,2.9,4,10
15,2.9,5,21
15,3.0,5,21
15,3.0,5,21
15,3.1,5,21
15,3.3,5,7
15,3.3,5,20
15,3.5,5,21
15,3.5,5,21
15,3.5,5,21
15,3.6,5,20
15,3.7,5,20
15,3.7,5,21
15,3.7,5,20
15,3.7,4,10
15,3.8,5,20
15,3.8,4,10
15,3.8,5,21
15,3.8,4,10
15,3.9,5,20
15,3.9,5,20
15,4.0,5,20
15,4.0,5,21
15,4.1,5,7
15,4.1,5,21
15,4.2,5,7
15,4.2,5,20
15,4.2,5,7
15,4.2,5,20
15,4.3,5,21
15,4.4,5,20
15,4.5,5,21
15,4.5,5,7
15,4.5,5,20
15,4.5,5,20
15,4.5,5,20
15,4.5,5,20
15,4.5,5,21
15,4.5,5,20
15,4.6,5,21
15,4.6,5,21
15,4.6,5,20
15,4.6,5,20
15,4.6,5,20
15,4.6,5,20
15,4.6,5,20
15,4.6,5,20
15,4.7,5,20
15,4.7,5,7
15,4.7,5,21
15,4.7,5,20
15,4.8,5,20
15,4.8,5,20
15,4.8,5,20
15,4.8,5,20
15,4.8,5,21
15,4.8,5,20
15,4.8,5,20
15,4.8,5,20
15,4.9,2,21
15,4.9,5,20
15,4.9,5,20
15,4.9,5,21
15,4.9,5,20
15,4.9,5,20
15,4.9,5,20
15,4.9,5,20
15,4.9,5,20
15,5.0,5,20
15,5.0,5,20
15,5.0,5,20
15,5.1,5,20
15,5.1,5,20
15,5.1,5,20
15,5.1,5,7
15,5.1,5,21
15,5.2,5,21
15,5.2,5,7
15,5.2,5,20
15,5.3,5,21
15,5.3,5,21
15,5.4,5,21
15,5.4,5,21
15,5.4,5,21
15,5.5,5,7
15,5.5,1,24
15,5.5,5,21
15,5.6,4,10
15,5.7,5,7
15,5.7,5,21
15,5.7,5,7
15,5.8,5,23
15,5.8,5,21
15,5.9,5,21
15,6.0,5,21
15,6.2,5,21
15,6.3,5,21
15,6.3,5,23
15,6.3,5,21
15,6.3,5,7
15,6.3,5,21
15,6.4,5,21
15,6.6,5,7
15,6.6,5,7
15,6.7,5,21
15,6.8,5,7
15,6.8,5,21
15,6.9,4,10
15,7.0,5,21
15,7.1,5,21
15,7.1,5,23
15,7.2,5,7
15,7.2,5,21
15,7.2,5,23
15,7.3,5,23
15,7.3,5,7
15,7.3,5,21
15,7.4,4,10
15,7.4,5,21
15,7.4,4,10
15,7.4,5,7
15,7.5,4,10
15,7.5,5,21
15,7.6,5,7
15,7.6,5,7
15,7.6,5,21
15,7.7,5,21
15,7.8,5,21
15,7.8,5,21
15,7.8,5,21
15,7.8,5,21
15,7.8,5,21
15,7.8,5,21
15,7.9,5,21
15,8.0,5,21
15,8.1,5,21
15,8.3,5,7
15,8.4,5,21
15,8.6,5,21
15,8.6,5,7
15,8.8,5,7
15,8.9,5,21
15,8.9,5,21
15,9.0,5,21
15,9.1,5,21
15,9.1,5,7
15,9.2,5,7
15,9.2,4,10
15,9.3,5,21
15,9.5,5,7
15,9.6,5,21
15,9.6,5,23
15,9.6,5,21
15,9.6,5,21
15,9.6,5,21
15,9.6,5,7
15,9.8,5,23
15,9.9,5,7
15,9.9,5,21
15,10.0,4,10
15,10.1,5,7
15,10.3,5,21
15,10.3,5,21
15,10.4,5,7
15,10.4,4,10
15,10.4,4,10
15,10.5,5,21
15,10.5,5,7
15,10.5,5,7
15,10.5,5,23
15,10.6,5,7
15,10.6,5,21
15,10.6,4,10
15,10.6,5,21
15,10.6,5,7
15,10.6,5,23
15,10.7,5,7
15,10.8,5,7
15,10.9,5,21
15,10.9,5,7
15,10.9,5,7
15,11.2,5,21
15,11.3,4,10
15,11.3,4,10
15,11.6,4,10
15,11.7,4,10
15,12.0,4,10
16,1.0,2,19
16,1.6,2,11
16,1.7,2,11
16,1.7,1,26
16,1.8,5,23
16,2.1,5,23
16,2.2,4,10
16,2.3,5,7
16,2.3,5,21
16,2.3,5,21
16,2.6,5,7
16,2.8,5,20
16,2.8,4,10
16,2.9,5,21
16,2.9,5,7
16,3.0,5,23
16,3.1,5,20
16,3.1,5,20
16,3.1,5,21
16,3.2,5,21
16,3.3,5,20
16,3.4,5,21
16,3.4,5,7
16,3.4,5,21
16,3.5,5,7
16,3.6,5,20
16,3.6,5,20
16,3.7,5,20
16,3.8,5,7
16,3.8,5,20
16,3.8,5,23
16,3.8,5,21
16,3.8,5,7
16,4.1,5,20
16,4.1,5,21
16,4.1,5,20
16,4.2,4,10
16,4.2,5,21
16,4.2,5,21
16,4.3,5,20
16,4.3,5,20
16,4.3,5,21
16,4.3,4,10
16,4.4,5,7
16,4.4,4,10
16,4.5,5,7
16,4.5,5,20
16,4.5,5,20
16,4.5,5,20
16,4.6,5,20
16,4.6,5,21
16,4.6,5,21
16,4.7,5,21
16,4.7,5,21
16,4.7,5,20
16,4.7,5,20
16,4.7,5,20
16,4.7,5,20
16,4.8,5,20
16,4.8,5,20
16,4.8,5,21
16,4.8,5,20
16,4.8,5,20
16,4.9,5,21
16,4.9,5,20
16,4.9,5,20
16,4.9,5,7
16,4.9,4,10
16,5.0,5,20
16,5.0,5,20
16,5.0,5,23
16,5.0,5,20
16,5.0,5,20
16,5.0,5,20
16,5.1,5,20
16,5.1,5,20
16,5.1,5,20
16,5.1,5,21
16,5.1,5,20
16,5.1,5,21
16,5.1,5,20
16,5.1,5,20
16,5.1,5,23
16,5.2,5,20
16,5.2,5,20
16,5.2,5,20
16,5.2,5,20
16,5.2,5,7
16,5.2,5,20
16,5.2,5,20
16,5.2,5,20
16,5.2,5,20
16,5.2,5,20
16,5.2,5,20
16,5.2,5,20
16,5.3,5,20
16,5.3,5,20
16,5.3,5,21
16,5.3,5,20
16,5.4,5,20
16,5.4,5,23
16,5.4,5,20
16,5.4,5,20
16,5.4,5,21
16,5.4,5,21
16,5.5,4,10
16,5.5,5,21
16,5.5,5,7
16,5.6,5,21
16,5.7,5,7
16,5.7,4,10
16,5.8,5,21
16,5.9,5,7
16,6.0,5,7
16,6.0,5,23
16,6.1,5,7
16,6.1,5,21
16,6.2,5,23
16,6.2,4,10
16,6.3,5,7
16,6.3,5,21
16,6.4,5,23
16,6.4,5,21
16,6.4,5,21
16,6.5,5,7
16,6.5,5,21
16,6.6,5,7
16,6.7,5,21
16,6.8,5,21
16,6.9,5,21
16,7.0,5,21
16,7.0,5,21
16,7.0,5,7
16,7.1,5,21
16,7.1,5,21
16,7.1,5,7
16,7.2,5,21
16,7.3,5,21
16,7.4,5,21
16,7.5,5,21
16,7.5,5,23
16,7.6,5,23
16,7.8,5,21
16,7.8,5,7
16,7.8,5,21
16,7.9,5,7
16,8.0,5,21
16,8.0,5,7
16,8.0,5,21
16,8.0,5,21
16,8.2,5,21
16,8.2,5,21
16,8.3,5,21
16,8.4,5,21
16,8.4,5,21
16,8.4,5,7
16,8.5,4,10
16,8.5,4,10
16,8.5,5,21
16,8.8,4,10
16,8.8,5,21
16,8.8,5,21
16,9.3,5,21
16,9.3,5,7
16,9.6,5,21
16,9.7,5,7
16,9.7,4,10
16,9.7,5,21
16,9.9,5,7
16,10.0,4,10
16,10.1,5,7
16,10.1,5,7
16,10.3,5,23
16,10.4,4,10
16,10.4,5,21
16,10.4,5,7
16,10.6,4,10
16,11.0,5,7
16,11.0,5,21
16,11.1,5,21
16,11.2,5,7
16,11.2,4,10
16,11.3,5,7
16,11.3,5,7
16,11.3,4,10
16,11.4,5,21
16,11.5,5,7
16,11.5,5,21
16,11.5,4,10
16,11.5,5,21
16,11.5,5,21
16,11.5,5,7
16,11.6,4,10
16,11.6,5,7
16,11.7,5,21
16,11.7,5,23
16,11.8,4,10
16,11.8,5,7
16,11.9,5,7
16,12.0,5,7
16,12.0,5,7
16,12.3,4,10
16,12.3,4,10
16,12.3,4,10
17,1.0,1,26
17,1.1,4,10
17,1.2,2,11
17,1.2,2,11
17,1.2,2,11
17,1.5,2,20
17,1.7,5,20
17,1.8,2,21
17,1.9,5,21
17,1.9,5,21
17,2.0,5,7
17,2.3,5,21
17,2.4,5,21
17,2.5,5,20
17,2.7,5,21
17,2.7,2,9
17,2.8,5,21
17,2.8,5,21
17,2.8,5,21
17,2.8,2,9
17,2.9,5,7
17,2.9,2,9
17,3.0,5,21
17,3.0,5,20
17,3.0,4,10
17,3.2,4,10
17,3.2,5,20
17,3.3,4,10
17,3.3,4,10
17,3.3,4,10
17,3.4,5,20
17,3.4,5,20
17,3.6,5,20
17,3.7,4,10
17,3.7,5,21
17,3.9,5,7
17,3.9,5,21
17,4.0,5,7
17,4.0,5,20
17,4.0,5,20
17,4.0,5,7
17,4.1,5,20
17,4.1,5,7
17,4.1,5,20
17,4.2,5,23
17,4.2,5,20
17,4.3,5,21
17,4.3,5,20
17,4.5,5,20
17,4.6,5,21
17,4.6,5,20
17,4.7,4,10
17,4.7,5,21
17,4.7,5,21
17,4.7,4,10
17,4.8,4,10
17,4.8,5,20
17,4.8,5,21
17,4.9,5,21
17,5.0,5,21
17,5.0,5,21
17,5.0,5,21
17,5.1,5,20
17,5.1,5,21
17,5.1,5,21
17,5.1,5,7
17,5.1,5,20
17,5.2,5,20
17,5.2,5,21
17,5.2,5,20
17,5.2,5,20
17,5.2,5,20
17,5.3,5,20
17,5.3,5,20
17,5.3,5,21
17,5.3,5,20
17,5.3,5,20
17,5.3,5,20
17,5.4,5,21
17,5.4,5,20
17,5.4,5,20
17,5.4,5,20
17,5.4,5,20
17,5.4,5,20
17,5.5,5,20
17,5.5,5,20
17,5.5,5,20
17,5.5,5,20
17,5.5,5,20
17,5.5,5,21
17,5.5,5,20
17,5.5,5,20
17,5.5,5,23
17,5.5,5,20
17,5.5,5,20
17,5.6,5,21
17,5.6,5,20
17,5.6,5,20
17,5.6,5,20
17,5.6,5,20
17,5.6,5,20
17,5.6,5,20
17,5.6,5,20
17,5.6,5,21
17,5.7,5,20
17,5.7,5,20
17,5.7,5,7
17,5.8,5,20
17,5.8,5,20
17,5.8,5,21
17,5.8,5,20
17,5.9,5,21
17,6.0,5,21
17,6.1,5,7
17,6.1,5,21
17,6.3,5,21
17,6.3,5,21
17,6.3,5,21
17,6.3,5,21
17,6.3,2,21
17,6.4,5,21
17,6.4,5,21
17,6.5,5,7
17,6.5,5,21
17,6.5,5,21
17,6.5,5,7
17,6.6,5,7
17,6.7,4,10
17,6.8,5,7
17,6.8,5,21
17,6.8,5,21
17,7.1,5,21
17,7.1,5,7
17,7.2,5,21
17,7.2,5,7
17,7.2,5,21
17,7.2,5,7
17,7.3,5,21
17,7.3,5,7
17,7.3,5,7
17,7.3,5,7
17,7.4,5,21
17,7.4,4,10
17,7.4,5,21
17,7.5,5,23
17,7.6,5,21
17,7.6,5,21
17,7.6,5,21
17,7.6,5,23
17,7.7,5,23
17,7.7,5,21
17,7.7,5,21
17,7.7,5,21
17,7.8,5,7
17,7.9,4,10
17,7.9,5,23
17,8.1,5,21
17,8.1,5,21
17,8.1,5,7
17,8.4,5,21
17,8.4,5,21
17,8.4,5,7
17,8.4,4,10
17,8.5,5,7
17,8.5,5,21
17,8.5,4,10
17,8.6,5,21
17,8.7,4,10
17,8.8,5,21
17,8.8,5,21
17,9.0,5,21
17,9.0,5,21
17,9.1,5,21
17,9.2,5,7
17,9.2,5,7
17,9.2,5,21
17,9.2,5,7
17,9.3,5,7
17,9.3,5,21
17,9.3,5,7
17,9.4,5,7
17,9.4,5,7
17,9.5,5,23
17,9.6,5,7
17,9.6,5,23
17,9.7,4,10
17,9.9,5,7
17,9.9,5,21
17,10.1,4,10
17,10.1,4,10
17,10.2,5,7
17,10.5,5,21
17,10.5,4,10
17,10.9,5,21
17,10.9,5,21
17,11.0,5,7
17,11.1,4,10
17,11.1,4,10
17,11.1,5,23
17,11.4,5,21
17,11.5,5,7
17,11.5,5,7
17,11.5,5,7
17,11.6,5,21
17,11.8,5,7
17,11.8,4,10
17,11.8,5,21
17,11.9,5,21
17,11.9,5,21
17,11.9,5,7
17,12.1,4,10
17,12.2,4,10
17,12.2,5,7
17,12.3,4,10
17,12.3,5,7
17,12.3,5,7
17,12.3,5,7
17,12.4,5,7
17,12.5,5,7
17,12.5,5,7
17,12.5,5,7
17,12.6,5,21
17,12.7,4,10
17,12.8,4,10
17,12.9,4,10
17,13.1,4,10
17,13.1,4,10
17,13.2,4,10
17,13.4,4,10
18,1.0,2,21
18,1.0,1,5
18,1.0,2,8
18,1.1,2,10
18,1.7,5,20
18,1.9,2,12
18,2.2,5,7
18,2.4,5,7
18,2.4,5,20
18,2.5,5,20
18,2.6,5,20
18,2.9,5,20
18,2.9,5,21
18,2.9,5,21
18,3.1,5,7
18,3.1,5,21
18,3.1,5,20
18,3.2,4,10
18,3.3,5,20
18,3.3,5,20
18,3.4,5,21
18,3.5,5,20
18,3.5,5,23
18,3.6,5,21
18,3.8,5,21
18,3.8,5,7
18,4.1,5,20
18,4.2,5,20
18,4.3,5,20
18,4.3,5,20
18,4.3,4,10
18,4.4,4,10
18,4.4,5,20
18,4.5,4,10
18,4.5,5,20
18,4.6,5,21
18,4.6,5,20
18,4.6,5,21
18,4.7,4,10
18,4.7,5,20
18,4.8,5,20
18,4.8,5,21
18,4.8,5,20
18,4.8,5,20
18,4.9,5,20
18,4.9,5,20
18,4.9,5,21
18,4.9,5,21
18,4.9,5,21
18,4.9,5,20
18,5.0,5,7
18,5.0,5,20
18,5.0,5,20
18,5.0,5,21
18,5.0,5,23
18,5.1,5,21
18,5.1,5,21
18,5.2,5,20
18,5.2,5,20
18,5.3,5,21
18,5.3,5,21
18,5.3,5,21
18,5.3,4,10
18,5.3,5,20
18,5.4,4,10
18,5.5,5,20
18,5.5,5,20
18,5.5,5,20
18,5.6,5,20
18,5.6,5,20
18,5.6,5,20
18,5.6,5,20
18,5.6,5,21
18,5.7,5,20
18,5.7,5,20
18,5.7,5,20
18,5.7,5,20
18,5.7,5,20
18,5.7,5,20
18,5.7,5,20
18,5.8,5,21
18,5.8,5,20
18,5.8,4,10
18,5.8,5,20
18,5.9,5,20
18,5.9,5,7
18,5.9,5,20
18,5.9,5,20
18,5.9,5,20
18,5.9,5,20
18,6.0,5,21
18,6.0,5,20
18,6.0,5,20
18,6.0,5,20
18,6.0,5,21
18,6.0,5,20
18,6.0,5,20
18,6.1,5,7
18,6.1,5,20
18,6.2,5,21
18,6.2,5,20
18,6.2,5,20
18,6.2,4,10
18,6.2,5,21
18,6.2,5,23
18,6.3,4,10
18,6.3,5,21
18,6.3,4,10
18,6.3,4,10
18,6.3,5,7
18,6.4,5,21
18,6.5,5,21
18,6.6,5,21
18,6.6,4,10
18,6.6,4,10
18,6.6,5,23
18,6.7,5,21
18,6.7,5,7
18,6.7,5,7
18,6.8,5,23
18,7.0,4,10
18,7.0,5,21
18,7.0,5,21
18,7.0,5,7
18,7.0,5,7
18,7.1,5,21
18,7.1,5,7
18,7.2,5,7
18,7.3,5,7
18,7.4,5,21
18,7.4,4,10
18,7.4,5,21
18,7.4,5,21
18,7.4,5,23
18,7.5,5,21
18,7.5,5,21
18,7.6,4,10
18,7.6,5,23
18,7.6,4,10
18,7.6,5,21
18,7.7,5,21
18,7.7,5,21
18,7.9,5,21
18,7.9,5,7
18,7.9,4,10
18,7.9,5,21
18,7.9,5,21
18,7.9,5,21
18,8.0,5,21
18,8.0,5,21
18,8.1,5,21
18,8.2,5,21
18,8.2,5,23
18,8.2,4,10
18,8.4,5,7
18,8.4,5,21
18,8.5,5,21
18,8.6,5,21
18,8.7,5,7
18,8.7,4,10
18,8.8,5,21
18,8.8,4,10
18,8.8,5,7
18,8.8,5,21
18,8.9,5,23
18,8.9,5,21
18,8.9,5,7
18,8.9,5,21
18,9.1,5,7
18,9.1,5,23
18,9.2,5,7
18,9.2,5,21
18,9.3,5,21
18,9.3,5,21
18,9.3,5,21
18,9.3,5,23
18,9.4,5,7
18,9.6,5,7
18,9.6,5,7
18,9.6,5,21
18,9.7,4,10
18,9.8,5,23
18,9.8,4,10
18,9.9,4,10
18,9.9,4,10
18,10.0,5,7
18,10.0,5,7
18,10.1,4,10
18,10.5,5,7
18,10.5,4,10
18,10.5,5,7
18,10.5,5,21
18,10.6,5,21
18,10.7,5,21
18,10.8,5,7
18,10.8,5,7
18,10.8,5,21
18,10.9,5,21
18,10.9,5,21
18,11.0,4,10
18,11.1,5,7
18,11.2,5,7
18,11.2,5,7
18,11.2,5,21
18,11.3,5,7
18,11.4,4,10
18,11.4,5,7
18,11.4,5,23
18,11.6,5,23
18,11.7,5,21
18,11.8,5,23
18,11.9,5,7
18,11.9,5,21
18,12.5,4,10
18,12.5,5,21
18,12.6,5,23
18,12.7,5,21
18,13.0,5,21
18,13.0,4,10
18,13.0,4,10
18,13.1,5,21
18,13.2,4,10
18,13.3,5,21
18,13.7,4,10
18,13.7,4,10
19,1.0,2,21
19,1.0,2,23
19,1.1,2,19
19,1.1,2,21
19,1.2,3,6
19,1.7,2,20
19,1.9,1,26
19,2.0,2,21
19,2.0,5,7
19,2.0,2,30
19,2.2,5,20
19,2.5,5,21
19,2.7,5,21
19,2.8,5,20
19,2.9,5,20
19,3.1,4,10
19,3.1,2,9
19,3.2,5,23
19,3.3,5,7
19,3.3,5,7
19,3.4,4,10
19,3.4,4,10
19,3.5,5,20
19,3.6,5,20
19,3.6,5,23
19,3.8,5,20
19,4.0,5,20
19,4.1,5,23
19,4.2,5,21
19,4.2,5,21
19,4.2,5,20
19,4.3,5,20
19,4.4,5,21
19,4.4,5,21
19,4.4,5,20
19,4.7,5,20
19,4.7,5,20
19,4.7,5,7
19,4.7,5,20
19,4.8,5,7
19,4.9,5,7
19,4.9,5,20
19,5.0,5,7
19,5.0,5,21
19,5.0,5,20
19,5.1,5,20
19,5.2,5,21
19,5.3,5,21
19,5.3,5,7
19,5.3,4,10
19,5.4,5,23
19,5.5,5,20
19,5.5,5,7
19,5.6,5,21
19,5.6,5,21
19,5.6,5,20
19,5.6,5,20
19,5.6,5,20
19,5.7,5,20
19,5.8,5,20
19,5.8,5,20
19,5.9,5,20
19,5.9,5,20
19,5.9,5,20
19,5.9,5,20
19,5.9,5,20
19,6.0,5,20
19,6.0,5,20
19,6.0,5,20
19,6.0,5,20
19,6.1,5,20
19,6.1,5,7
19,6.1,5,23
19,6.1,5,20
19,6.1,5,20
19,6.2,5,21
19,6.2,5,7
19,6.2,5,20
19,6.2,5,21
19,6.3,4,10
19,6.3,5,20
19,6.3,5,20
19,6.3,5,20
19,6.3,5,20
19,6.3,5,20
19,6.4,5,21
19,6.4,5,21
19,6.4,5,21
19,6.5,5,7
19,6.5,5,20
19,6.6,5,21
19,6.8,5,21
19,6.8,1,24
19,6.8,5,21
19,6.8,4,10
19,6.8,5,21
19,7.0,5,7
19,7.0,5,23
19,7.1,5,23
19,7.2,5,7
19,7.2,5,7
19,7.3,5,7
19,7.3,5,21
19,7.3,4,10
19,7.4,4,10
19,7.4,5,21
19,7.4,5,21
19,7.4,5,21
19,7.5,5,7
19,7.5,5,21
19,7.7,5,7
19,7.7,5,21
19,7.8,5,21
19,7.8,5,7
19,7.8,5,7
19,7.8,5,21
19,7.8,5,21
19,7.9,5,7
19,7.9,5,21
19,7.9,5,21
19,8.0,5,23
19,8.1,5,7
19,8.1,5,21
19,8.2,5,21
19,8.3,5,23
19,8.3,5,21
19,8.3,4,10
19,8.4,5,7
19,8.4,5,21
19,8.5,5,23
19,8.5,5,7
19,8.5,5,21
19,8.6,4,10
19,8.6,5,7
19,8.6,5,21
19,8.7,5,21
19,8.9,5,7
19,8.9,5,7
19,9.0,5,7
19,9.1,5,21
19,9.2,4,10
19,9.2,5,23
19,9.2,4,10
19,9.2,4,10
19,9.3,5,7
19,9.3,5,21
19,9.3,5,21
19,9.3,5,7
19,9.3,5,7
19,9.4,5,21
19,9.6,5,21
19,9.7,4,10
19,9.7,4,10
19,9.7,5,21
19,9.8,4,10
19,9.8,5,21
19,9.9,4,10
19,9.9,5,7
19,9.9,5,21
19,9.9,5,21
19,10.1,4,10
19,10.1,5,21
19,10.2,5,7
19,10.2,5,21
19,10.2,5,21
19,10.2,5,23
19,10.2,5,21
19,10.4,5,7
19,10.4,5,21
19,10.4,4,10
19,10.4,5,7
19,10.5,5,7
19,10.5,5,21
19,10.5,4,10
19,10.6,4,10
19,10.6,5,23
19,10.7,5,23
19,10.8,4,10
19,10.8,5,7
19,10.8,5,7
19,10.8,5,7
19,10.8,5,21
19,10.9,5,7
19,10.9,5,7
19,11.1,5,21
19,11.2,5,21
19,11.3,4,10
19,11.4,5,7
19,11.5,5,23
19,11.5,4,10
19,11.6,5,7
19,11.6,4,10
19,11.7,5,7
19,11.7,4,10
19,11.8,5,7
19,11.8,5,21
19,11.8,4,10
19,11.9,5,7
19,12.0,5,21
19,12.0,4,10
19,12.2,5,21
19,12.4,5,21
19,12.4,4,10
19,12.5,4,10
19,12.8,4,10
19,12.9,5,21
19,12.9,5,7
19,13.0,5,21
19,13.1,5,21
19,13.1,5,21
19,13.3,5,7
19,13.5,4,10
19,13.6,5,21
19,13.7,4,10
19,13.7,5,21
19,13.9,5,7
19,13.9,5,21
19,14.0,4,10
19,14.0,4,10
19,14.1,5,21
19,14.1,5,23
19,14.1,4,10
19,14.2,4,10
19,14.3,5,7
19,14.3,4,10
19,14.3,4,10
19,14.4,4,10
19,14.5,4,10
19,14.6,4,10
19,14.6,4,10
19,14.6,4,10
19,14.8,4,10
19,15.0,4,10
20,1.0,2,3
20,1.0,2,12
20,1.0,2,21
20,1.1,2,10
20,1.2,2,19
20,1.2,2,19
20,1.2,2,19
20,1.3,5,20
20,1.6,5,7
20,1.7,2,22
20,1.8,1,24
20,2.0,5,20
20,2.0,1,5
20,2.1,2,4
20,2.1,1,26
20,2.2,5,23
20,2.2,2,9
20,2.2,2,21
20,2.2,5,20
20,2.6,4,10
20,2.8,5,23
20,2.8,5,21
20,2.8,5,20
20,2.9,5,21
20,3.1,5,21
20,3.2,5,7
20,3.3,5,21
20,3.3,5,7
20,3.4,5,21
20,3.5,5,23
20,3.5,5,7
20,3.6,5,7
20,3.6,5,20
20,3.8,5,21
20,3.8,5,7
20,3.9,5,20
20,3.9,5,21
20,4.0,5,23
20,4.0,5,7
20,4.2,4,10
20,4.4,5,7
20,4.4,5,23
20,4.4,4,10
20,4.5,5,20
20,4.5,5,21
20,4.6,5,20
20,4.6,5,20
20,4.6,5,7
20,4.7,4,10
20,4.7,5,21
20,4.7,5,21
20,4.8,4,10
20,4.8,5,20
20,4.8,5,20
20,4.9,5,20
20,5.0,5,20
20,5.1,5,21
20,5.2,5,23
20,5.2,5,7
20,5.2,5,21
20,5.2,5,7
20,5.2,5,21
20,5.3,5,21
20,5.4,5,20
20,5.5,5,20
20,5.5,5,20
20,5.6,5,21
20,5.6,5,7
20,5.8,5,21
20,5.8,5,20
20,5.8,5,21
20,5.9,5,20
20,6.0,5,21
20,6.0,5,20
20,6.0,5,21
20,6.1,5,20
20,6.1,5,21
20,6.1,5,20
20,6.1,5,7
20,6.1,5,20
20,6.2,5,21
20,6.2,5,20
20,6.2,5,20
20,6.2,4,10
20,6.3,5,20
20,6.3,5,20
20,6.3,5,21
20,6.3,5,20
20,6.3,5,20
20,6.4,5,20
20,6.4,5,20
20,6.4,5,20
20,6.4,5,21
20,6.5,5,20
20,6.5,5,20
20,6.5,5,20
20,6.5,5,20
20,6.5,5,23
20,6.5,5,20
20,6.5,5,20
20,6.5,5,20
20,6.6,5,20
20,6.6,5,20
20,6.6,5,20
20,6.6,5,21
20,6.6,5,21
20,6.7,5,20
20,6.7,5,20
20,6.7,5,7
20,6.8,5,7
20,6.9,5,7
20,6.9,5,21
20,7.0,5,21
20,7.0,5,21
20,7.1,5,21
20,7.1,5,23
20,7.1,4,10
20,7.1,5,21
20,7.2,5,21
20,7.2,4,10
20,7.3,4,10
20,7.3,5,21
20,7.4,5,21
20,7.5,5,7
20,7.5,5,7
20,7.5,5,7
20,7.6,5,7
20,7.6,4,10
20,7.7,4,10
20,7.8,4,10
20,7.8,5,7
20,7.8,4,10
20,7.8,5,23
20,7.9,5,21
20,7.9,4,10
20,7.9,5,21
20,7.9,5,21
20,8.0,5,21
20,8.0,5,7
20,8.0,5,23
20,8.1,5,23
20,8.2,5,21
20,8.2,5,21
20,8.2,5,21
20,8.3,5,7
20,8.3,5,21
20,8.3,4,10
20,8.3,5,7
20,8.4,4,10
20,8.4,5,7
20,8.5,5,21
20,8.5,5,7
20,8.5,5,21
20,8.6,5,21
20,8.7,4,10
20,8.7,5,21
20,8.8,5,7
20,8.9,4,10
20,8.9,5,21
20,9.0,5,21
20,9.0,4,10
20,9.0,5,7
20,9.0,4,10
20,9.0,4,10
20,9.2,5,21
20,9.2,4,10
20,9.2,5,23
20,9.2,5,21
20,9.4,5,21
20,9.4,5,21
20,9.5,5,7
20,9.5,5,7
20,9.5,5,21
20,9.6,5,7
20,9.6,5,21
20,9.8,5,7
20,9.9,5,21
20,10.0,5,23
20,10.1,5,7
20,10.1,5,21
20,10.4,5,21
20,10.4,5,7
20,10.4,4,10
20,10.6,4,10
20,10.7,5,21
20,10.7,5,21
20,10.8,5,21
20,10.8,4,10
20,10.9,5,7
20,10.9,5,7
20,10.9,5,7
20,11.2,5,21
20,11.3,4,10
20,11.3,5,7
20,11.3,5,23
20,11.4,5,21
20,11.5,5,7
20,11.7,4,10
20,11.8,5,7
20,12.0,5,23
20,12.1,5,23
20,12.1,4,10
20,12.1,4,10
20,12.2,4,10
20,12.2,4,10
20,12.4,5,7
20,12.4,5,21
20,12.6,4,10
20,12.7,4,10
20,12.7,4,10
20,13.0,4,10
20,13.0,5,7
20,13.1,5,7
20,13.1,4,10
20,13.2,5,7
20,13.3,5,21
20,13.5,5,21
20,13.5,5,7
20,13.6,5,23
20,13.6,5,23
20,13.6,5,7
20,13.7,5,7
20,13.7,5,23
20,13.7,5,21
20,13.8,5,21
20,13.8,4,10
20,13.9,5,7
20,14.0,4,10
20,14.1,4,10
20,14.1,4,10
20,14.1,5,23
20,14.1,5,7
20,14.4,5,7
20,14.4,5,21
20,14.4,5,21
20,14.6,4,10
20,14.9,5,21
20,15.4,4,10
20,15.8,4,10
20,15.9,4,10
21,1.0,2,30
21,1.0,2,30
21,1.1,3,6
21,1.1,3,6
21,1.1,5,23
21,1.1,3,6
21,1.1,2,1
21,1.1,2,9
21,1.2,2,10
21,1.2,2,10
21,1.2,4,10
21,1.3,2,19
21,1.4,5,20
21,1.5,4,10
21,1.8,2,20
21,1.8,2,9
21,2.0,2,9
21,2.1,2,21
21,2.1,2,11
21,2.2,2,21
21,2.3,5,23
21,2.4,5,21
21,2.4,5,21
21,2.6,5,20
21,2.7,5,20
21,2.8,5,20
21,2.9,5,21
21,3.0,5,20
21,3.1,4,10
21,3.2,5,20
21,3.2,5,20
21,3.3,4,10
21,3.3,5,7
21,3.4,5,7
21,3.5,4,10
21,3.5,5,20
21,3.7,5,23
21,3.8,5,21
21,3.9,5,21
21,3.9,5,21
21,4.0,5,21
21,4.0,5,21
21,4.2,5,20
21,4.3,5,20
21,4.4,5,21
21,4.4,5,20
21,4.5,5,20
21,4.7,5,23
21,4.8,5,20
21,5.0,5,21
21,5.0,4,10
21,5.1,4,10
21,5.2,5,21
21,5.3,4,10
21,5.3,5,20
21,5.4,5,7
21,5.4,5,20
21,5.5,5,20
21,5.5,5,21
21,5.6,5,20
21,5.6,5,20
21,5.7,5,21
21,5.8,5,7
21,5.8,5,20
21,5.8,4,10
21,5.8,5,21
21,5.9,5,20
21,5.9,5,7
21,5.9,5,21
21,6.0,5,20
21,6.0,4,10
21,6.0,4,10
21,6.0,5,20
21,6.0,4,10
21,6.0,5,23
21,6.1,5,21
21,6.1,4,10
21,6.1,5,20
21,6.1,5,20
21,6.3,5,21
21,6.4,5,20
21,6.5,5,7
21,6.5,5,7
21,6.5,5,20
21,6.5,5,7
21,6.5,5,20
21,6.5,5,20
21,6.5,5,20
21,6.6,5,7
21,6.6,5,20
21,6.6,5,20
21,6.6,5,20
21,6.7,5,20
21,6.7,5,21
21,6.7,5,20
21,6.7,5,20
21,6.7,5,20
21,6.7,5,20
21,6.7,5,20
21,6.7,5,20
21,6.8,5,20
21,6.8,5,20
21,6.8,5,20
21,6.8,5,20
21,6.8,5,20
21,6.8,5,20
21,6.8,5,20
21,6.8,5,20
21,6.9,5,20
21,6.9,5,20
21,6.9,5,7
21,6.9,5,20
21,6.9,5,20
21,6.9,5,21
21,6.9,5,21
21,6.9,1,24
21,6.9,5,20
21,7.0,5,20
21,7.0,4,10
21,7.0,5,20
21,7.1,5,21
21,7.2,5,21
21,7.2,1,24
21,7.2,5,21
21,7.4,5,21
21,7.4,5,7
21,7.6,5,7
21,7.6,5,7
21,7.6,5,7
21,7.7,5,21
21,7.8,5,7
21,7.9,5,21
21,7.9,5,7
21,7.9,5,7
21,8.1,5,21
21,8.1,5,21
21,8.1,5,7
21,8.1,5,21
21,8.4,4,10
21,8.4,5,21
21,8.5,4,10
21,8.5,5,21
21,8.5,5,21
21,8.6,5,21
21,8.7,5,7
21,8.7,5,21
21,8.7,5,21
21,8.7,5,21
21,8.8,5,7
21,8.9,5,7
21,8.9,5,7
21,9.0,5,21
21,9.0,5,21
21,9.0,5,21
21,9.1,5,7
21,9.1,4,10
21,9.1,5,21
21,9.1,5,21
21,9.1,5,23
21,9.2,5,7
21,9.2,5,21
21,9.3,5,21
21,9.3,4,10
21,9.3,5,21
21,9.4,5,21
21,9.5,5,21
21,9.5,4,10
21,9.5,4,10
21,9.6,5,7
21,9.7,5,21
21,9.7,5,21
21,9.8,5,7
21,9.9,5,21
21,10.0,5,23
21,10.1,5,23
21,10.2,5,7
21,10.2,5,21
21,10.2,5,7
21,10.3,5,21
21,10.3,4,10
21,10.3,4,10
21,10.4,5,21
21,10.5,4,10
21,10.5,5,21
21,10.5,5,21
21,10.6,5,21
21,10.9,5,7
21,11.0,5,7
21,11.3,5,23
21,11.3,5,21
21,11.7,5,7
21,11.7,4,10
21,11.7,5,7
21,11.9,5,7
21,11.9,4,10
21,12.0,5,7
21,12.2,5,23
21,12.2,5,7
21,12.3,5,7
21,12.4,5,7
21,12.4,5,21
21,12.5,5,7
21,12.6,5,7
21,12.6,5,23
21,12.6,5,23
21,12.6,5,7
21,12.7,5,23
21,12.7,5,23
21,13.2,5,7
21,13.3,5,7
21,13.3,5,7
21,13.4,5,7
21,13.4,5,21
21,13.7,4,10
21,13.7,5,7
21,13.7,5,21
21,13.8,5,7
21,14.1,5,21
21,14.3,4,10
21,14.4,4,10
21,14.4,5,7
21,14.4,5,7
21,14.4,4,10
21,14.5,4,10
21,14.6,5,21
21,14.8,5,7
21,14.8,5,23
21,14.8,5,7
21,14.9,4,10
21,15.0,5,23
21,15.0,5,21
21,15.1,5,7
21,15.2,4,10
21,15.2,4,10
21,15.4,4,10
21,15.7,5,7
21,15.8,4,10
21,15.9,4,10
21,16.1,4,10
21,16.2,4,10
21,16.3,4,10
21,16.4,4,10
21,16.4,4,10
22,1.0,4,10
22,1.0,5,20
22,1.0,2,11
22,1.1,2,30
22,1.1,2,2
22,1.2,5,23
22,1.2,2,22
22,1.2,2,22
22,1.2,2,22
22,1.3,2,21
22,1.3,2,21
22,1.3,2,19
22,1.3,2,19
22,1.4,5,21
22,1.6,2,11
22,1.9,5,21
22,1.9,2,20
22,2.1,2,9
22,2.1,2,9
22,2.3,5,20
22,2.3,5,20
22,2.3,5,21
22,2.7,5,23
22,3.1,5,7
22,3.1,4,10
22,3.1,5,23
22,3.2,5,23
22,3.2,5,20
22,3.5,5,20
22,3.6,5,20
22,3.6,5,20
22,3.7,4,10
22,3.8,4,10
22,4.0,5,21
22,4.0,5,7
22,4.1,5,21
22,4.1,5,20
22,4.1,5,20
22,4.2,4,10
22,4.2,5,20
22,4.3,5,21
22,4.7,5,21
22,4.7,5,20
22,4.7,5,21
22,4.9,5,7
22,5.0,5,7
22,5.0,5,20
22,5.1,5,20
22,5.1,5,21
22,5.1,5,20
22,5.1,5,21
22,5.1,5,21
22,5.2,4,10
22,5.3,5,21
22,5.3,4,10
22,5.4,4,10
22,5.5,4,10
22,5.5,4,10
22,5.5,5,20
22,5.6,5,21
22,5.6,5,21
22,5.6,5,7
22,5.7,5,7
22,5.7,5,7
22,5.7,5,21
22,5.9,4,10
22,5.9,5,7
22,5.9,5,20
22,5.9,4,10
22,6.0,5,7
22,6.1,5,7
22,6.1,5,20
22,6.1,4,10
22,6.2,5,21
22,6.3,5,20
22,6.3,5,7
22,6.3,5,20
22,6.3,5,21
22,6.4,5,20
22,6.5,5,21
22,6.5,5,21
22,6.5,5,20
22,6.6,5,20
22,6.6,5,20
22,6.6,5,21
22,6.6,5,21
22,6.7,5,20
22,6.7,5,7
22,6.8,5,20
22,6.9,4,10
22,6.9,5,20
22,6.9,5,20
22,6.9,5,20
22,6.9,5,20
22,7.0,5,20
22,7.0,5,7
22,7.0,5,20
22,7.0,5,20
22,7.1,5,20
22,7.1,5,20
22,7.1,5,20
22,7.1,4,10
22,7.1,5,20
22,7.2,5,20
22,7.2,5,20
22,7.2,5,20
22,7.2,5,20
22,7.3,5,20
22,7.3,5,23
22,7.3,5,20
22,7.3,5,20
22,7.3,5,20
22,7.3,5,21
22,7.4,5,20
22,7.4,5,20
22,7.5,5,20
22,7.6,5,7
22,7.8,5,21
22,7.8,5,7
22,7.8,5,21
22,7.9,5,21
22,7.9,5,7
22,8.0,5,21
22,8.1,4,10
22,8.2,5,21
22,8.3,5,23
22,8.3,5,21
22,8.4,5,21
22,8.5,4,10
22,8.7,5,7
22,8.7,5,7
22,8.9,5,23
22,9.0,5,21
22,9.0,4,10
22,9.1,5,21
22,9.1,5,7
22,9.4,5,7
22,9.5,5,21
22,9.6,5,21
22,9.7,5,7
22,9.8,5,21
22,9.8,5,7
22,9.8,5,21
22,9.8,4,10
22,9.8,5,7
22,9.9,5,21
22,10.0,4,10
22,10.1,5,7
22,10.2,5,21
22,10.2,5,21
22,10.2,5,21
22,10.3,5,21
22,10.3,5,21
22,10.6,5,23
22,10.6,4,10
22,10.7,5,7
22,10.7,5,7
22,10.7,4,10
22,10.8,5,21
22,10.9,5,21
22,10.9,5,21
22,11.0,5,21
22,11.1,5,7
22,11.2,4,10
22,11.2,5,21
22,11.3,5,7
22,11.4,5,7
22,11.5,5,7
22,11.5,4,10
22,11.5,5,7
22,11.6,5,7
22,11.8,5,7
22,11.9,5,7
22,11.9,5,7
22,11.9,4,10
22,11.9,5,21
22,11.9,5,7
22,12.0,5,7
22,12.0,5,7
22,12.1,5,7
22,12.2,5,7
22,12.2,5,7
22,12.3,5,7
22,12.4,4,10
22,12.5,4,10
22,12.6,4,10
22,12.7,4,10
22,12.8,5,23
22,12.9,5,21
22,12.9,4,10
22,12.9,5,23
22,12.9,5,7
22,13.0,4,10
22,13.0,5,21
22,13.1,5,7
22,13.1,4,10
22,13.3,4,10
22,13.4,4,10
22,13.5,5,7
22,13.5,5,7
22,13.6,5,7
22,13.6,5,7
22,13.6,4,10
22,13.6,5,21
22,13.6,5,23
22,13.6,5,7
22,13.7,5,7
22,13.7,5,7
22,13.7,5,21
22,13.8,4,10
22,13.9,5,21
22,14.0,5,7
22,14.0,4,10
22,14.1,5,21
22,14.2,5,7
22,14.3,5,21
22,14.4,4,10
22,14.7,4,10
22,14.9,5,7
22,14.9,5,7
22,15.0,5,7
22,15.0,5,7
22,15.0,4,10
22,15.0,5,7
22,15.1,5,21
22,15.3,4,10
22,15.5,5,21
22,15.6,5,21
22,15.6,5,21
22,15.7,5,7
22,15.7,5,7
22,15.7,4,10
22,15.9,5,7
22,16.1,5,7
22,16.1,5,7
22,16.5,4,10
22,16.5,4,10
22,16.6,4,10
22,16.6,4,10
22,16.7,4,10
22,16.7,4,10
22,17.0,4,10
23,1.1,2,11
23,1.1,5,23
23,1.1,2,30
23,1.1,2,30
23,1.2,2,22
23,1.2,5,20
23,1.2,3,6
23,1.2,2,22
23,1.2,5,23
23,1.3,2,22
23,1.3,1,24
23,1.3,1,5
23,1.3,1,24
23,1.4,1,24
23,2.1,2,30
23,2.3,5,21
23,2.5,1,26
23,2.7,5,21
23,3.0,5,7
23,3.0,5,20
23,3.1,5,21
23,3.4,5,20
23,3.5,5,7
23,3.5,5,23
23,3.6,5,23
23,3.6,4,10
23,3.7,4,10
23,3.7,5,20
23,3.8,4,10
23,4.0,5,21
23,4.1,5,21
23,4.3,5,21
23,4.5,5,21
23,4.8,5,23
23,4.9,5,21
23,5.0,5,7
23,5.1,5,20
23,5.2,5,7
23,5.3,4,10
23,5.3,4,10
23,5.5,4,10
23,5.5,5,20
23,5.6,4,10
23,5.6,5,20
23,5.6,4,10
23,5.7,5,21
23,5.7,5,20
23,5.8,5,20
23,5.8,5,7
23,5.9,5,7
23,6.0,5,20
23,6.2,5,21
23,6.2,4,10
23,6.3,5,20
23,6.3,5,20
23,6.3,5,7
23,6.3,5,7
23,6.3,5,21
23,6.4,5,7
23,6.5,5,7
23,6.5,5,7
23,6.6,5,7
23,6.6,5,23
23,6.7,5,21
23,6.7,5,20
23,6.8,5,21
23,6.8,5,20
23,6.8,5,20
23,6.8,5,20
23,6.9,5,20
23,6.9,5,20
23,6.9,5,20
23,6.9,5,20
23,6.9,5,20
23,7.0,5,7
23,7.0,5,20
23,7.0,5,20
23,7.0,5,20
23,7.1,5,20
23,7.1,5,7
23,7.1,5,20
23,7.1,5,20
23,7.2,5,20
23,7.2,5,20
23,7.2,5,21
23,7.3,5,20
23,7.4,5,20
23,7.4,5,20
23,7.4,5,20
23,7.4,5,20
23,7.5,5,20
23,7.5,5,20
23,7.5,5,20
23,7.5,5,20
23,7.6,5,20
23,7.7,5,20
23,7.8,5,21
23,7.8,4,10
23,7.9,5,7
23,7.9,5,21
23,8.1,5,21
23,8.1,5,7
23,8.2,4,10
23,8.3,4,10
23,8.4,4,10
23,8.5,5,21
23,8.5,5,7
23,8.5,5,7
23,8.5,5,7
23,8.6,5,7
23,8.6,5,7
23,8.6,4,10
23,8.8,5,7
23,8.8,5,7
23,9.0,5,21
23,9.0,5,23
23,9.1,4,10
23,9.1,5,21
23,9.2,5,21
23,9.3,5,23
23,9.4,5,21
23,9.4,5,7
23,9.6,5,23
23,9.6,4,10
23,9.7,5,21
23,9.8,5,7
23,9.8,5,21
23,9.9,5,21
23,10.0,4,10
23,10.0,5,21
23,10.1,5,21
23,10.1,5,21
23,10.2,5,21
23,10.2,5,21
23,10.6,5,21
23,10.6,5,21
23,10.7,5,21
23,10.8,5,7
23,10.8,5,7
23,10.9,4,10
23,11.0,5,7
23,11.0,5,7
23,11.0,5,7
23,11.0,4,10
23,11.1,5,21
23,11.1,4,10
23,11.1,5,21
23,11.2,5,7
23,11.2,5,23
23,11.2,5,21
23,11.2,5,7
23,11.2,5,21
23,11.4,5,21
23,11.4,4,10
23,11.4,4,10
23,11.5,5,21
23,11.5,5,21
23,11.5,5,7
23,11.6,5,21
23,11.8,5,23
23,11.8,5,21
23,11.8,5,7
23,11.8,5,7
23,11.9,4,10
23,11.9,5,7
23,11.9,5,21
23,11.9,5,21
23,12.0,5,7
23,12.1,5,7
23,12.1,5,7
23,12.2,5,21
23,12.2,4,10
23,12.2,5,21
23,12.3,4,10
23,12.4,5,23
23,12.6,5,23
23,12.7,5,7
23,12.9,4,10
23,13.0,4,10
23,13.0,5,7
23,13.0,5,21
23,13.1,5,7
23,13.1,5,23
23,13.1,5,21
23,13.2,5,23
23,13.3,4,10
23,13.3,5,21
23,13.3,5,23
23,13.5,5,21
23,13.5,4,10
23,13.5,5,7
23,13.5,4,10
23,13.6,5,7
23,13.8,4,10
23,13.8,5,21
23,13.9,4,10
23,14.2,5,7
23,14.2,5,23
23,14.3,5,21
23,14.4,5,23
23,14.4,5,23
23,14.4,5,7
23,14.6,5,7
23,14.7,5,7
23,14.7,4,10
23,14.7,5,21
23,14.7,4,10
23,14.7,4,10
23,14.9,4,10
23,14.9,5,21
23,14.9,5,7
23,14.9,4,10
23,14.9,5,23
23,15.0,5,21
23,15.0,4,10
23,15.1,5,7
23,15.2,5,7
23,15.2,5,7
23,15.2,5,7
23,15.2,5,21
23,15.4,4,10
23,15.6,5,21
23,15.7,5,23
23,15.7,5,7
23,15.7,5,21
23,15.8,5,23
23,15.8,5,7
23,15.8,4,10
23,15.9,5,7
23,15.9,5,7
23,16.1,5,23
23,16.3,5,7
23,16.4,4,10
23,16.5,5,7
23,16.5,5,7
23,16.5,5,21
23,16.5,4,10
23,16.6,4,10
23,16.6,5,7
23,16.6,5,7
23,16.6,5,21
23,16.9,5,21
23,16.9,4,10
23,17.0,4,10
23,17.0,5,7
23,17.0,5,21
23,17.1,4,10
23,17.4,4,10
23,17.7,4,10
23,18.0,4,10
24,1.0,2,30
24,1.2,3,6
24,1.2,3,6
24,1.2,2,3
24,1.2,4,10
24,1.3,3,6
24,1.3,3,6
24,1.3,5,23
24,1.3,1,5
24,1.4,2,19
24,1.4,2,1
24,1.4,2,19
24,1.4,5,21
24,1.5,1,26
24,2.1,5,7
24,2.1,2,20
24,2.1,5,7
24,2.2,2,20
24,2.2,2,9
24,2.5,2,11
24,2.7,2,21
24,3.1,5,7
24,3.1,5,7
24,3.4,5,20
24,3.5,5,20
24,4.0,5,20
24,4.0,5,21
24,4.1,5,20
24,4.1,5,23
24,4.3,5,7
24,4.3,5,20
24,4.4,5,20
24,4.5,5,7
24,4.6,1,24
24,4.8,5,20
24,5.1,5,21
24,5.1,5,20
24,5.1,5,20
24,5.3,5,7
24,5.3,5,21
24,5.5,5,7
24,5.5,5,20
24,5.6,5,20
24,5.6,5,21
24,5.6,5,20
24,5.7,5,20
24,5.7,4,10
24,5.9,5,21
24,5.9,5,21
24,6.1,5,7
24,6.1,5,7
24,6.1,5,7
24,6.1,5,21
24,6.2,5,7
24,6.2,5,7
24,6.2,4,10
24,6.3,5,7
24,6.3,4,10
24,6.3,5,7
24,6.4,5,20
24,6.6,4,10
24,6.6,5,20
24,6.8,5,7
24,6.8,5,21
24,6.9,5,20
24,7.0,5,7
24,7.0,5,7
24,7.0,5,20
24,7.1,5,20
24,7.2,5,20
24,7.2,5,7
24,7.3,5,20
24,7.3,5,21
24,7.3,1,5
24,7.4,5,20
24,7.4,5,20
24,7.4,5,20
24,7.5,5,7
24,7.5,5,20
24,7.5,5,20
24,7.5,5,20
24,7.6,5,20
24,7.7,5,20
24,7.7,5,20
24,7.7,5,20
24,7.7,5,20
24,7.8,5,20
24,7.8,5,7
24,7.8,5,21
24,7.8,5,21
24,7.9,5,20
24,7.9,5,20
24,7.9,5,20
24,7.9,5,20
24,7.9,5,20
24,7.9,5,20
24,7.9,5,20
24,7.9,5,21
24,8.0,5,21
24,8.0,5,23
24,8.1,5,21
24,8.1,5,21
24,8.2,5,7
24,8.3,5,7
24,8.4,5,7
24,8.4,5,21
24,8.5,4,10
24,8.5,5,7
24,8.5,5,21
24,8.6,5,20
24,8.6,5,21
24,8.6,5,23
24,8.7,5,23
24,8.7,5,21
24,8.9,5,21
24,9.0,5,21
24,9.1,4,10
24,9.3,5,7
24,9.3,5,21
24,9.3,5,21
24,9.4,5,7
24,9.4,4,10
24,9.4,4,10
24,9.5,5,7
24,9.5,5,21
24,9.5,5,21
24,9.7,5,7
24,9.7,5,7
24,9.7,5,7
24,9.9,5,7
24,9.9,4,10
24,10.0,5,21
24,10.1,5,7
24,10.1,5,21
24,10.2,5,21
24,10.2,5,7
24,10.2,5,21
24,10.3,5,21
24,10.4,5,21
24,10.4,5,21
24,10.6,5,7
24,10.6,5,7
24,10.7,4,10
24,10.8,5,23
24,10.9,4,10
24,11.1,4,10
24,11.2,5,21
24,11.2,5,7
24,11.2,5,21
24,11.3,5,21
24,11.5,5,21
24,11.5,4,10
24,11.8,5,21
24,11.9,5,21
24,11.9,5,7
24,12.0,5,23
24,12.0,5,21
24,12.1,5,7
24,12.2,5,7
24,12.2,5,7
24,12.2,5,21
24,12.3,5,23
24,12.3,5,7
24,12.4,4,10
24,12.5,5,7
24,12.5,5,21
24,12.6,5,7
24,12.7,5,7
24,12.7,5,21
24,12.8,5,7
24,12.8,5,7
24,12.8,4,10
24,12.9,4,10
24,13.0,4,10
24,13.2,5,7
24,13.3,5,21
24,13.4,4,10
24,13.6,4,10
24,13.7,5,23
24,13.8,5,7
24,13.8,5,23
24,14.0,5,7
24,14.0,5,7
24,14.2,5,21
24,14.2,4,10
24,14.3,5,7
24,14.5,4,10
24,14.7,4,10
24,14.7,5,7
24,14.9,5,23
24,15.0,5,7
24,15.1,5,7
24,15.1,5,23
24,15.1,5,23
24,15.2,5,7
24,15.3,5,21
24,15.4,5,23
24,15.5,4,10
24,15.5,4,10
24,15.5,5,23
24,15.5,4,10
24,15.5,4,10
24,15.6,5,7
24,15.6,5,21
24,15.7,5,7
24,15.7,5,21
24,15.7,4,10
24,15.8,5,21
24,15.9,5,21
24,15.9,5,7
24,15.9,4,10
24,16.1,4,10
24,16.2,5,21
24,16.2,5,7
24,16.3,4,10
24,16.3,5,23
24,16.4,5,7
24,16.6,4,10
24,16.7,4,10
24,16.9,5,7
24,17.0,4,10
24,17.1,5,7
24,17.1,5,7
24,17.3,4,10
24,17.4,5,21
24,17.4,5,7
24,17.5,4,10
24,17.7,4,10
24,18.4,4,10
25,1.0,2,30
25,1.2,2,30
25,1.2,5,23
25,1.3,3,6
25,1.3,2,9
25,1.3,5,23
25,1.4,2,10
25,1.5,1,5
25,1.5,1,25
25,1.5,2,19
25,1.5,2,21
25,1.7,5,21
25,2.0,5,21
25,2.0,5,20
25,2.2,5,20
25,2.5,5,7
25,2.7,2,21
25,2.8,5,7
25,3.0,5,21
25,3.1,5,21
25,3.2,5,21
25,3.4,4,10
25,3.4,5,7
25,3.5,5,23
25,3.8,5,20
25,3.9,5,21
25,3.9,4,10
25,4.0,5,20
25,4.0,5,20
25,4.1,5,21
25,4.2,5,21
25,4.5,5,20
25,4.5,5,21
25,4.6,4,10
25,4.7,5,23
25,4.8,5,20
25,5.0,5,7
25,5.2,5,20
25,5.2,5,21
25,5.4,5,21
25,5.4,5,20
25,5.5,4,10
25,5.6,5,7
25,5.6,5,20
25,5.6,5,7
25,5.7,5,7
25,5.7,5,21
25,5.7,5,20
25,5.9,5,21
25,5.9,5,20
25,6.0,5,21
25,6.0,5,21
25,6.1,5,7
25,6.1,5,20
25,6.2,5,7
25,6.3,5,7
25,6.4,5,7
25,6.4,5,20
25,6.5,5,7
25,6.5,5,20
25,6.6,5,7
25,6.7,5,7
25,6.8,5,20
25,6.8,5,7
25,7.0,5,20
25,7.0,5,21
25,7.1,4,10
25,7.2,5,20
25,7.2,5,23
25,7.2,5,20
25,7.2,5,7
25,7.2,5,20
25,7.3,5,21
25,7.3,5,21
25,7.4,5,7
25,7.5,5,21
25,7.5,5,20
25,7.6,5,7
25,7.6,5,21
25,7.6,4,10
25,7.6,5,7
25,7.7,5,20
25,7.7,5,20
25,7.8,1,24
25,7.8,5,20
25,7.8,5,20
25,7.9,5,20
25,7.9,5,7
25,7.9,4,10
25,7.9,5,7
25,7.9,5,21
25,8.0,5,21
25,8.0,5,20
25,8.0,5,20
25,8.1,5,20
25,8.1,5,20
25,8.1,5,20
25,8.1,5,20
25,8.1,5,20
25,8.1,5,20
25,8.2,5,7
25,8.2,5,20
25,8.2,5,20
25,8.3,5,20
25,8.3,5,21
25,8.4,5,20
25,8.4,4,10
25,8.9,5,21
25,8.9,4,10
25,9.0,5,21
25,9.0,5,21
25,9.1,4,10
25,9.4,5,7
25,9.6,5,21
25,9.8,5,7
25,9.9,4,10
25,9.9,5,7
25,10.0,5,7
25,10.0,5,7
25,10.0,4,10
25,10.0,5,21
25,10.2,5,7
25,10.5,5,21
25,10.5,5,21
25,10.6,5,21
25,10.6,5,7
25,10.6,5,7
25,10.6,5,7
25,10.7,5,21
25,10.7,4,10
25,10.9,5,21
25,10.9,5,21
25,11.0,5,21
25,11.0,5,21
25,11.1,5,21
25,11.1,4,10
25,11.2,5,21
25,11.2,4,10
25,11.5,5,23
25,11.5,5,21
25,11.6,4,10
25,11.7,4,10
25,11.7,4,10
25,11.8,5,23
25,11.9,5,21
25,12.0,4,10
25,12.2,4,10
25,12.2,4,10
25,12.4,5,21
25,12.5,5,21
25,12.5,5,7
25,12.6,5,21
25,12.7,5,7
25,12.8,5,21
25,12.9,4,10
25,13.0,5,21
25,13.0,5,21
25,13.3,4,10
25,13.3,5,7
25,13.4,5,21
25,13.5,5,21
25,13.6,4,10
25,13.7,5,21
25,13.7,5,23
25,13.8,5,23
25,13.8,5,7
25,13.9,5,7
25,13.9,5,21
25,14.1,5,21
25,14.2,5,23
25,14.3,5,7
25,14.3,5,7
25,14.4,4,10
25,14.6,4,10
25,14.7,4,10
25,14.8,5,7
25,14.8,5,21
25,15.0,5,21
25,15.1,5,7
25,15.3,4,10
25,15.3,5,23
25,15.3,5,7
25,15.3,4,10
25,15.3,5,21
25,15.4,5,7
25,15.4,5,7
25,15.5,5,7
25,15.6,4,10
25,15.6,5,23
25,15.8,5,7
25,16.0,5,23
25,16.0,5,23
25,16.1,4,10
25,16.2,5,21
25,16.2,5,21
25,16.4,4,10
25,16.5,5,7
25,16.6,4,10
25,16.6,5,7
25,16.6,5,7
25,16.7,4,10
25,17.2,5,7
25,17.2,4,10
25,17.3,4,10
25,17.3,4,10
25,17.5,4,10
25,17.5,5,7
25,17.5,5,7
25,17.6,4,10
25,17.7,4,10
25,17.8,5,7
25,18.1,5,7
25,18.1,5,7
25,18.2,5,7
25,18.2,5,21
25,18.2,5,7
25,18.2,5,21
25,18.7,4,10
25,18.7,4,10
25,18.9,4,10
25,19.0,4,10
25,19.5,4,10
26,1.1,3,6
26,1.1,1,24
26,1.3,2,21
26,1.3,2,11
26,1.3,2,30
26,1.3,3,6
26,1.3,3,6
26,1.3,1,5
26,1.3,2,2
26,1.3,5,23
26,1.3,2,21
26,1.4,3,6
26,1.4,5,23
26,1.4,1,5
26,1.4,5,23
26,1.5,2,10
26,2.3,5,20
26,2.3,5,21
26,2.7,2,14
26,2.7,2,30
26,2.7,2,9
26,2.7,2,14
26,2.7,2,14
26,2.8,2,9
26,2.9,1,24
26,3.1,5,21
26,3.5,5,7
26,3.6,5,20
26,3.8,5,7
26,3.9,5,20
26,3.9,5,20
26,4.0,5,7
26,4.2,5,7
26,4.4,5,23
26,4.4,2,9
26,4.5,2,9
26,4.6,5,21
26,4.7,4,10
26,5.0,5,7
26,5.1,5,21
26,5.1,4,10
26,5.3,5,7
26,5.4,5,21
26,5.4,5,21
26,5.4,5,7
26,5.5,5,21
26,5.5,5,21
26,5.5,5,21
26,5.6,5,21
26,5.6,5,21
26,5.8,5,20
26,5.8,4,10
26,5.8,5,20
26,5.8,5,21
26,5.9,5,7
26,5.9,4,10
26,6.0,5,20
26,6.0,4,10
26,6.0,5,21
26,6.1,5,23
26,6.2,4,10
26,6.3,5,7
26,6.5,5,23
26,6.6,5,20
26,6.6,5,21
26,6.7,4,10
26,6.8,5,20
26,6.9,5,20
26,7.0,4,10
26,7.1,4,10
26,7.5,5,23
26,7.8,4,10
26,7.8,5,21
26,7.8,5,7
26,7.9,5,20
26,7.9,5,20
26,7.9,5,20
26,8.0,5,20
26,8.0,5,21
26,8.2,5,20
26,8.2,5,20
26,8.2,5,20
26,8.2,5,20
26,8.3,5,20
26,8.3,5,20
26,8.3,5,20
26,8.4,5,7
26,8.4,5,20
26,8.4,5,20
26,8.5,5,20
26,8.5,5,20
26,8.6,5,20
26,8.6,5,20
26,8.6,5,7
26,8.6,5,20
26,8.7,5,20
26,8.7,5,7
26,8.7,5,21
26,8.7,5,20
26,8.7,4,10
26,8.7,5,7
26,8.9,5,7
26,8.9,5,7
26,9.0,5,21
26,9.1,5,21
26,9.3,5,7
26,9.5,5,21
26,9.5,5,21
26,9.5,5,7
26,9.7,5,21
26,9.7,5,21
26,10.0,5,7
26,10.0,5,21
26,10.0,5,21
26,10.2,5,21
26,10.4,5,7
26,10.4,4,10
26,10.4,5,21
26,10.6,5,7
26,10.7,5,7
26,10.8,5,7
26,10.8,5,7
26,10.9,5,23
26,10.9,5,7
26,10.9,5,7
26,11.0,4,10
26,11.1,4,10
26,11.3,4,10
26,11.4,5,7
26,11.4,5,23
26,11.4,4,10
26,11.6,5,7
26,11.8,5,23
26,11.8,4,10
26,11.9,5,7
26,11.9,5,21
26,12.1,5,7
26,12.1,5,21
26,12.2,4,10
26,12.2,5,21
26,12.3,5,23
26,12.3,5,21
26,12.4,5,7
26,12.5,5,7
26,12.6,5,23
26,12.6,4,10
26,12.7,5,7
26,12.7,5,21
26,12.9,5,7
26,12.9,5,23
26,13.0,5,21
26,13.3,5,7
26,13.5,4,10
26,13.5,4,10
26,13.6,5,7
26,13.6,5,21
26,14.2,5,23
26,14.2,5,7
26,14.3,5,7
26,14.3,5,7
26,14.3,5,7
26,14.4,5,7
26,14.5,4,10
26,14.5,5,7
26,14.5,5,7
26,14.5,5,7
26,14.6,5,7
26,14.7,5,7
26,14.8,5,21
26,14.8,5,23
26,14.9,5,21
26,15.0,5,21
26,15.0,5,7
26,15.1,5,21
26,15.1,5,7
26,15.2,5,7
26,15.4,5,7
26,15.4,5,21
26,15.4,5,21
26,15.4,5,21
26,15.5,4,10
26,15.6,5,7
26,15.8,5,7
26,16.0,4,10
26,16.2,4,10
26,16.3,5,7
26,16.5,5,23
26,16.6,4,10
26,16.7,5,7
26,16.7,4,10
26,16.8,5,21
26,16.8,4,10
26,16.9,5,7
26,17.1,4,10
26,17.2,5,21
26,17.2,4,10
26,17.4,4,10
26,17.5,4,10
26,17.7,5,21
26,17.9,4,10
26,17.9,4,10
26,18.0,5,21
26,18.1,4,10
26,18.1,5,21
26,18.4,5,7
26,18.6,4,10
26,19.2,5,21
26,19.8,4,10
27,1.1,2,21
27,1.3,2,11
27,1.3,2,30
27,1.3,2,30
27,1.4,3,6
27,1.4,5,23
27,1.4,3,6
27,1.4,5,23
27,1.4,5,23
27,1.5,2,21
27,1.5,2,10
27,1.5,5,23
27,1.6,5,21
27,1.6,2,10
27,1.6,2,21
27,1.6,2,19
27,1.6,2,10
27,1.6,1,25
27,1.7,1,29
27,2.0,2,11
27,2.0,5,21
27,2.6,5,23
27,2.8,2,16
27,2.8,1,26
27,2.9,2,9
27,3.0,4,10
27,3.2,5,23
27,3.2,5,20
27,3.3,5,21
27,3.8,5,7
27,3.9,5,7
27,4.1,5,20
27,4.1,5,23
27,4.2,5,20
27,5.1,5,7
27,5.1,5,20
27,5.2,5,20
27,5.2,5,20
27,5.5,5,21
27,5.5,4,10
27,5.6,5,21
27,5.6,5,20
27,5.7,5,21
27,5.7,5,20
27,5.8,5,7
27,5.8,4,10
27,5.8,5,21
27,5.8,4,10
27,5.8,5,21
27,5.9,4,10
27,6.0,5,21
27,6.0,4,10
27,6.2,4,10
27,6.3,5,7
27,6.4,5,21
27,6.5,5,20
27,6.8,5,21
27,7.0,5,20
27,7.1,5,21
27,7.1,5,7
27,7.3,5,20
27,7.4,5,23
27,7.4,4,10
27,7.4,5,7
27,7.5,5,21
27,7.6,4,10
27,7.6,5,20
27,7.7,5,21
27,7.8,5,20
27,7.9,5,20
27,8.0,5,20
27,8.1,5,20
27,8.1,5,20
27,8.2,5,21
27,8.2,5,20
27,8.3,5,20
27,8.3,5,7
27,8.3,5,20
27,8.3,5,20
27,8.4,5,20
27,8.4,5,20
27,8.4,5,20
27,8.4,5,7
27,8.4,5,20
27,8.5,5,20
27,8.5,5,20
27,8.6,5,21
27,8.6,5,7
27,8.7,5,20
27,8.7,5,20
27,8.7,5,20
27,8.8,5,21
27,8.8,5,21
27,8.8,5,21
27,8.8,5,7
27,8.9,5,20
27,9.0,5,20
27,9.0,5,7
27,9.0,4,10
27,9.0,4,10
27,9.1,5,21
27,9.1,5,7
27,9.1,5,23
27,9.2,5,7
27,9.2,5,21
27,9.2,5,7
27,9.3,5,7
27,9.4,5,7
27,9.4,5,21
27,9.5,5,7
27,9.6,5,7
27,9.7,5,21
27,9.7,5,21
27,9.8,5,21
27,9.9,5,21
27,10.0,5,7
27,10.0,5,21
27,10.3,5,7
27,10.3,5,7
27,10.4,5,21
27,10.4,4,10
27,10.5,5,7
27,10.5,5,7
27,10.5,5,21
27,10.6,4,10
27,10.8,5,7
27,10.8,4,10
27,10.9,5,7
27,10.9,5,7
27,11.2,5,21
27,11.2,5,21
27,11.3,5,7
27,11.3,5,7
27,11.4,5,23
27,11.5,5,21
27,11.5,4,10
27,11.5,4,10
27,11.6,5,7
27,11.7,4,10
27,11.8,5,7
27,11.9,5,21
27,12.0,5,7
27,12.0,5,7
27,12.3,5,21
27,12.3,5,7
27,12.6,5,21
27,12.6,5,7
27,12.8,5,23
27,12.8,5,21
27,13.0,5,7
27,13.0,4,10
27,13.2,5,21
27,13.2,5,23
27,13.4,5,23
27,13.4,4,10
27,13.5,5,7
27,13.5,5,21
27,13.5,5,7
27,13.5,5,21
27,13.6,5,21
27,13.9,5,21
27,14.1,5,7
27,14.3,4,10
27,14.4,5,7
27,14.5,5,21
27,14.7,5,21
27,14.8,5,7
27,14.8,5,7
27,14.9,5,7
27,14.9,5,7
27,14.9,5,7
27,15.0,5,7
27,15.5,5,7
27,15.5,5,7
27,15.6,5,7
27,15.7,5,23
27,16.0,5,7
27,16.0,5,7
27,16.1,5,21
27,16.2,5,7
27,16.2,4,10
27,16.2,4,10
27,16.3,5,21
27,16.5,5,7
27,16.5,5,23
27,16.5,4,10
27,16.6,5,7
27,16.6,5,7
27,16.6,5,7
27,16.7,4,10
27,16.9,5,7
27,17.0,4,10
27,17.0,5,23
27,17.1,4,10
27,17.2,4,10
27,17.2,4,10
27,17.2,5,7
27,17.3,5,21
27,17.5,5,21
27,17.5,5,7
27,17.6,5,7
27,17.7,4,10
27,17.7,5,23
27,17.7,4,10
27,17.8,5,7
27,17.8,5,23
27,17.9,4,10
27,18.2,4,10
27,18.3,4,10
27,18.3,5,21
27,18.4,4,10
27,18.4,5,7
27,18.9,5,21
27,19.2,4,10
27,19.3,5,7
27,19.4,5,21
27,19.5,5,21
27,19.5,5,7
27,19.8,4,10
27,20.2,4,10
27,20.2,4,10
27,20.5,4,10
28,1.4,2,30
28,1.6,5,23
28,1.6,5,7
28,1.7,1,5
28,1.9,5,23
28,2.3,5,20
28,2.4,2,20
28,2.4,5,21
28,2.9,5,7
28,3.0,2,9
28,3.0,2,21
28,3.0,2,9
28,3.1,2,9
28,3.1,2,9
28,3.8,5,21
28,3.9,5,21
28,3.9,5,23
28,4.0,2,9
28,4.1,5,21
28,4.2,5,20
28,4.3,4,10
28,4.7,5,23
28,4.9,2,9
28,5.2,5,7
28,5.6,5,7
28,5.7,4,10
28,5.7,5,21
28,5.8,5,23
28,5.9,5,7
28,6.0,5,20
28,6.0,5,20
28,6.1,5,23
28,6.3,4,10
28,6.4,5,7
28,6.4,5,7
28,6.4,5,20
28,6.4,5,7
28,6.6,5,7
28,6.6,5,20
28,6.7,5,7
28,6.8,5,21
28,6.9,5,20
28,6.9,4,10
28,7.2,5,23
28,7.2,5,21
28,7.3,5,21
28,7.3,5,20
28,7.3,5,7
28,7.4,5,7
28,7.5,4,10
28,7.6,5,20
28,7.6,5,20
28,7.7,5,21
28,7.8,5,7
28,7.8,4,10
28,7.8,5,21
28,7.8,5,20
28,7.9,5,20
28,7.9,5,21
28,8.1,5,20
28,8.1,5,20
28,8.2,5,7
28,8.3,5,21
28,8.3,5,7
28,8.3,5,7
28,8.4,5,23
28,8.4,5,21
28,8.4,5,20
28,8.4,4,10
28,8.6,5,21
28,8.6,5,20
28,8.6,5,20
28,8.6,5,20
28,8.6,5,20
28,8.7,5,21
28,8.7,5,20
28,8.7,5,20
28,8.7,5,20
28,8.8,5,21
28,8.8,5,20
28,8.9,5,20
28,8.9,5,21
28,8.9,5,20
28,8.9,5,21
28,8.9,5,21
28,9.0,5,7
28,9.0,5,20
28,9.0,5,20
28,9.0,5,20
28,9.1,5,20
28,9.1,5,21
28,9.1,5,20
28,9.1,5,21
28,9.2,5,20
28,9.2,5,20
28,9.3,5,20
28,9.4,5,20
28,9.5,5,21
28,9.6,5,7
28,9.6,5,21
28,9.7,5,7
28,9.9,5,7
28,9.9,5,7
28,9.9,5,7
28,9.9,5,21
28,10.0,5,7
28,10.5,4,10
28,10.6,5,7
28,10.7,5,7
28,10.9,5,21
28,10.9,5,7
28,10.9,4,10
28,11.0,5,7
28,11.3,5,21
28,11.4,5,7
28,11.5,4,10
28,11.5,5,7
28,11.6,5,7
28,11.9,4,10
28,11.9,5,21
28,11.9,5,21
28,12.0,5,7
28,12.1,5,7
28,12.1,4,10
28,12.2,5,23
28,12.3,5,7
28,12.4,5,7
28,12.4,5,7
28,12.5,5,23
28,12.6,5,23
28,12.7,4,10
28,12.8,5,7
28,12.8,5,7
28,12.9,4,10
28,13.0,5,23
28,13.1,5,21
28,13.1,5,7
28,13.1,5,21
28,13.3,5,21
28,13.3,5,7
28,13.4,4,10
28,13.5,5,7
28,13.8,5,7
28,13.8,5,7
28,13.8,5,7
28,13.8,5,21
28,13.8,4,10
28,13.8,5,7
28,13.9,4,10
28,13.9,5,21
28,13.9,4,10
28,13.9,5,7
28,14.0,4,10
28,14.0,5,23
28,14.1,4,10
28,14.3,5,21
28,14.3,5,7
28,14.4,5,21
28,14.5,5,21
28,14.5,5,7
28,14.6,5,7
28,14.7,5,23
28,14.9,5,7
28,15.0,5,23
28,15.1,4,10
28,15.1,5,7
28,15.2,4,10
28,15.3,4,10
28,15.4,5,7
28,15.5,5,7
28,15.6,5,21
28,15.7,4,10
28,15.7,4,10
28,15.7,5,21
28,15.9,4,10
28,16.0,5,21
28,16.1,5,7
28,16.1,5,7
28,16.2,5,7
28,16.2,5,7
28,16.2,4,10
28,16.4,5,7
28,16.4,5,7
28,16.4,5,21
28,16.4,5,7
28,16.4,5,21
28,16.4,4,10
28,16.5,5,7
28,16.5,5,21
28,16.6,4,10
28,16.6,5,7
28,16.7,4,10
28,16.8,5,7
28,16.9,5,7
28,17.0,5,7
28,17.1,5,21
28,17.2,5,21
28,17.5,5,7
28,17.6,4,10
28,18.0,5,21
28,18.2,4,10
28,18.3,4,10
28,18.3,4,10
28,18.3,5,7
28,18.4,4,10
28,18.5,4,10
28,18.6,5,7
28,18.7,5,7
28,18.7,5,7
28,18.8,4,10
28,18.9,4,10
28,19.0,5,21
28,19.1,5,21
28,19.1,5,21
28,19.2,4,10
28,19.3,5,7
28,19.4,5,7
28,19.5,5,7
28,19.6,5,7
28,19.6,5,21
28,19.8,4,10
28,20.0,5,7
28,20.1,4,10
28,20.2,4,10
28,20.3,4,10
28,20.3,5,21
28,20.5,5,7
28,20.8,4,10
29,1.1,2,21
29,1.3,2,22
29,1.4,5,23
29,1.4,2,12
29,1.5,2,21
29,1.5,2,2
29,1.5,2,1
29,1.6,2,9
29,1.7,5,21
29,1.7,2,19
29,1.8,2,19
29,1.8,5,23
29,1.8,5,7
29,1.9,5,23
29,2.1,2,11
29,2.3,5,20
29,2.6,2,11
29,2.6,5,7
29,2.9,2,9
29,2.9,2,9
29,2.9,2,30
29,3.0,2,14
29,3.0,5,21
29,3.1,1,29
29,3.2,2,9
29,3.2,2,9
29,4.1,4,10
29,4.2,5,20
29,4.3,5,7
29,4.3,5,21
29,4.5,5,20
29,4.5,5,21
29,4.6,4,10
29,4.6,5,20
29,4.6,2,9
29,4.8,5,20
29,4.9,5,21
29,5.0,5,20
29,5.1,5,21
29,5.3,5,20
29,5.3,5,23
29,5.4,5,7
29,5.5,5,21
29,5.5,5,20
29,5.5,5,21
29,5.5,5,21
29,5.5,5,21
29,5.6,5,21
29,5.6,5,21
29,5.6,5,21
29,5.8,5,7
29,5.8,5,20
29,6.0,4,10
29,6.0,5,23
29,6.1,5,7
29,6.1,4,10
29,6.1,5,21
29,6.2,5,7
29,6.2,5,20
29,6.2,5,21
29,6.5,5,7
29,6.6,5,21
29,6.6,5,20
29,6.7,5,21
29,6.7,5,21
29,6.9,5,21
29,7.0,4,10
29,7.1,5,21
29,7.2,5,21
29,7.4,5,20
29,7.4,5,21
29,7.7,4,10
29,7.7,5,20
29,7.9,5,7
29,7.9,5,21
29,8.0,5,20
29,8.1,5,20
29,8.1,5,21
29,8.2,5,20
29,8.2,5,7
29,8.3,5,20
29,8.5,5,21
29,8.5,5,20
29,8.5,5,21
29,8.6,5,21
29,8.7,5,20
29,8.8,5,20
29,8.9,5,7
29,8.9,5,20
29,8.9,5,20
29,8.9,5,20
29,9.0,5,20
29,9.0,5,20
29,9.0,5,20
29,9.1,5,20
29,9.1,5,20
29,9.1,5,20
29,9.1,5,20
29,9.1,5,20
29,9.1,5,21
29,9.2,5,20
29,9.2,5,20
29,9.2,5,20
29,9.3,4,10
29,9.3,5,20
29,9.3,5,20
29,9.4,5,21
29,9.4,5,21
29,9.4,5,20
29,9.5,5,21
29,9.5,5,20
29,9.6,5,7
29,9.7,5,7
29,9.7,5,7
29,9.7,4,10
29,10.2,5,7
29,10.2,5,7
29,10.3,4,10
29,10.5,5,7
29,10.5,5,21
29,10.5,5,7
29,10.6,4,10
29,10.7,5,7
29,10.7,5,21
29,10.7,5,23
29,10.8,5,21
29,10.8,5,7
29,11.1,4,10
29,11.2,5,7
29,11.2,5,7
29,11.3,5,21
29,11.3,5,7
29,11.4,5,7
29,11.4,4,10
29,11.4,5,7
29,11.4,5,21
29,11.5,5,21
29,11.6,5,23
29,11.7,5,7
29,11.8,5,7
29,11.8,4,10
29,12.0,5,7
29,12.3,4,10
29,12.3,5,7
29,12.4,5,23
29,12.4,4,10
29,12.5,4,10
29,12.6,5,7
29,12.6,4,10
29,12.6,5,7
29,12.8,5,7
29,12.9,5,23
29,13.0,4,10
29,13.0,5,7
29,13.1,5,7
29,13.2,5,21
29,13.3,5,21
29,13.4,5,7
29,13.4,5,7
29,13.4,5,7
29,13.4,5,21
29,13.4,5,7
29,13.5,5,23
29,13.5,5,21
29,13.6,5,23
29,14.4,5,23
29,14.5,5,7
29,14.6,4,10
29,14.7,4,10
29,14.7,5,7
29,14.8,5,7
29,14.8,5,23
29,14.8,5,21
29,14.8,5,7
29,15.0,5,7
29,15.1,5,7
29,15.2,5,7
29,15.3,5,7
29,15.4,5,7
29,15.4,5,7
29,15.6,5,7
29,15.7,5,21
29,15.7,5,21
29,15.9,5,7
29,16.0,5,7
29,16.2,4,10
29,16.3,5,21
29,16.3,5,7
29,16.3,5,7
29,16.3,4,10
29,16.5,5,23
29,16.8,5,7
29,16.9,4,10
29,17.0,5,7
29,17.0,5,7
29,17.2,5,21
29,17.3,5,7
29,17.4,5,21
29,17.5,5,23
29,17.5,4,10
29,17.7,5,21
29,17.8,5,7
29,17.8,5,21
29,17.9,5,7
29,17.9,5,7
29,18.0,5,21
29,18.1,5,7
29,18.2,5,7
29,18.3,5,7
29,18.4,5,7
29,18.6,4,10
29,18.8,5,7
29,19.2,5,7
29,19.3,5,7
29,19.4,5,7
29,19.5,5,21
29,19.7,5,7
29,19.8,4,10
29,20.0,5,7
29,20.1,4,10
29,20.3,4,10
29,20.8,4,10
29,20.8,5,23
29,20.9,5,7
29,20.9,5,7
29,21.0,4,10
29,21.0,5,7
29,22.1,4,10
29,22.2,4,10
30,1.3,5,21
30,1.5,2,30
30,1.5,3,6
30,1.5,2,23
30,1.5,3,6
30,1.5,2,30
30,1.5,2,30
30,1.5,3,6
30,1.6,2,3
30,1.6,2,21
30,1.7,3,6
30,1.7,1,26
30,1.9,1,5
30,2.0,2,9
30,2.2,5,7
30,2.6,2,9
30,2.6,5,21
30,2.7,5,7
30,2.9,5,7
30,3.0,2,4
30,3.1,2,30
30,3.1,2,14
30,3.1,2,14
30,3.2,1,26
30,3.2,2,21
30,3.2,2,21
30,3.9,1,29
30,4.2,5,20
30,4.3,5,23
30,5.1,2,9
30,5.1,4,10
30,5.1,4,10
30,5.1,2,9
30,5.1,2,9
30,5.3,5,21
30,5.3,5,20
30,5.4,5,7
30,5.4,5,23
30,5.5,5,23
30,5.5,5,7
30,5.6,5,7
30,5.7,4,10
30,6.1,5,20
30,6.2,5,23
30,6.4,4,10
30,6.7,5,20
30,6.8,5,21
30,7.1,2,9
30,7.2,5,21
30,7.2,5,21
30,7.3,5,21
30,7.6,5,20
30,7.8,5,7
30,7.8,5,21
30,8.0,5,20
30,8.4,5,21
30,8.5,5,20
30,8.5,5,21
30,8.7,5,7
30,8.7,5,7
30,8.8,5,21
30,8.8,5,21
30,8.8,5,23
30,8.9,5,7
30,8.9,5,21
30,8.9,5,20
30,9.0,5,7
30,9.0,5,20
30,9.1,5,7
30,9.1,5,21
30,9.3,5,21
30,9.3,5,20
30,9.3,5,20
30,9.3,5,7
30,9.4,5,20
30,9.4,4,10
30,9.4,5,20
30,9.5,5,20
30,9.5,5,21
30,9.5,5,20
30,9.5,5,21
30,9.6,5,20
30,9.7,5,20
30,9.8,5,21
30,9.8,4,10
30,9.8,5,20
30,9.9,5,7
30,9.9,5,20
30,9.9,5,21
30,9.9,5,7
30,10.0,5,20
30,10.0,5,20
30,10.0,5,20
30,10.0,4,10
30,10.0,5,20
30,10.2,5,21
30,10.4,4,10
30,10.4,5,7
30,10.4,5,7
30,10.5,5,21
30,10.5,5,7
30,10.6,5,7
30,10.9,5,21
30,10.9,5,21
30,11.0,5,7
30,11.0,4,10
30,11.1,5,7
30,11.1,5,7
30,11.1,4,10
30,11.3,4,10
30,11.3,5,7
30,11.4,4,10
30,11.6,5,21
30,11.6,5,7
30,11.7,5,23
30,11.7,5,7
30,11.7,5,23
30,11.8,5,23
30,12.0,5,7
30,12.0,5,23
30,12.1,4,10
30,12.1,5,7
30,12.4,5,21
30,12.4,5,21
30,12.4,5,21
30,12.6,5,7
30,12.6,5,21
30,12.8,5,23
30,12.8,4,10
30,13.0,5,23
30,13.0,5,23
30,13.1,5,7
30,13.1,5,23
30,13.2,5,23
30,13.2,5,21
30,13.3,5,7
30,13.3,4,10
30,13.4,5,23
30,13.5,5,7
30,13.5,5,23
30,13.5,4,10
30,13.5,4,10
30,13.8,4,10
30,13.8,4,10
30,13.9,5,7
30,14.3,5,7
30,14.4,5,7
30,14.4,5,7
30,14.5,4,10
30,14.5,4,10
30,14.8,5,7
30,14.8,4,10
30,14.8,5,21
30,14.8,5,21
30,14.8,5,21
30,15.1,5,23
30,15.1,5,7
30,15.1,4,10
30,15.3,4,10
30,15.3,5,7
30,15.4,5,7
30,15.4,4,10
30,15.5,5,7
30,16.0,5,21
30,16.2,5,7
30,16.2,5,7
30,16.4,4,10
30,16.5,5,23
30,16.6,5,23
30,16.6,5,7
30,16.6,5,7
30,16.6,4,10
30,16.8,4,10
30,17.1,4,10
30,17.2,5,21
30,17.2,4,10
30,17.7,5,7
30,17.8,4,10
30,17.9,5,7
30,18.0,5,21
30,18.2,5,7
30,18.2,5,21
30,18.2,4,10
30,18.2,5,23
30,18.3,5,7
30,18.3,5,21
30,18.5,4,10
30,18.6,5,7
30,18.8,5,21
30,18.8,4,10
30,18.9,5,7
30,18.9,4,10
30,19.0,5,7
30,19.0,5,21
30,19.1,4,10
30,19.2,4,10
30,19.3,4,10
30,19.7,4,10
30,19.8,5,21
30,19.8,4,10
30,19.9,5,21
30,20.0,4,10
30,20.0,5,21
30,20.2,4,10
30,20.4,5,7
30,20.5,5,21
30,20.9,5,21
30,21.0,5,21
30,21.1,5,7
30,21.1,4,10
30,21.5,4,10
30,22.5,4,10
30,22.6,4,10
30,22.8,4,10
